source,author,title,description,url,urlToImage,publishedAt,content,sentiment
"{'id': 'rt', 'name': 'RT'}",RT,Meta to spend millions backing pro-AI candidates – media,The tech giant has reportedly moved to expand political influence ahead of 2026 elections Read Full Article at RT.com,https://www.rt.com/news/623622-meta-pac-ai-candidates/,https://mf.b37mrtl.ru/files/2025.08/article/68b0520485f5405f331b78bb.jpg,2025-08-28T12:57:29Z,"US tech giant Meta will launch a Californiafocused superPAC to support statelevel candidates who favor looser technology regulation, especially regarding artificial intelligence, according to media r… [+2073 chars]",Neutral
"{'id': 'financial-post', 'name': 'Financial Post'}",Bloomberg News,Stocks Edge Up as Data Show Economy Is Holding Up: Markets Wrap,"Wall Street trading was relatively quiet on Thursday, with investors shifting their focus to data for clues on the health of the world’s largest economy and the pace of Federal Reserve rate cuts.",https://financialpost.com/pmn/business-pmn/stocks-edge-up-as-data-show-economy-is-holding-up-markets-wrap,https://smartcdn.gprod.postmedia.digital/financialpost/wp-content/uploads/2025/08/nvidia-sales-growth-decelerates-from-eye-popping-levels-rev-1.jpg,2025-08-28T12:54:21Z,"(Bloomberg) Wall Street trading was relatively quiet on Thursday, with investors shifting their focus to data for clues on the health of the worlds largest economy and the pace of Federal Reserve rat… [+6198 chars]",Neutral
"{'id': None, 'name': 'Biztoc.com'}",scmp.com,"SenseTime’s AI growth surges, as China advances nationwide initiative","SenseTime has significantly narrowed its losses while achieving robust growth in its generative artificial intelligence business in the first half of 2025, as China pushes a nationwide initiative to advance the AI industry.
The Hong Kong-listed company on Thu…",https://biztoc.com/x/d4aec41746e8aab6,https://biztoc.com/cdn/d4aec41746e8aab6_s.webp,2025-08-28T12:47:38Z,"SenseTime has significantly narrowed its losses while achieving robust growth in its generative artificial intelligence business in the first half of 2025, as China pushes a nationwide initiative to … [+141 chars]",Neutral
"{'id': None, 'name': 'GlobeNewswire'}",VAST Data,BUZZ High Performance Computing Selects VAST Data to Power Sovereign AI and Unlock a Future of Agentic Computing,"Canadian sovereign AI cloud provider standardizes on VAST AI OS to deliver secure, high-performance infrastructure across its national data centers for the next era of intelligent systems Canadian sovereign AI cloud provider standardizes on VAST AI OS to deli…",https://www.globenewswire.com/news-release/2025/08/28/3140813/0/en/BUZZ-High-Performance-Computing-Selects-VAST-Data-to-Power-Sovereign-AI-and-Unlock-a-Future-of-Agentic-Computing.html,https://ml.globenewswire.com/Resource/Download/88798da6-7c79-4499-a0d1-602d870c645e,2025-08-28T12:46:00Z,"Remote-First-Company | NEW YORK CITY, Aug. 28, 2025 (GLOBE NEWSWIRE) -- VAST Data
, the AI Operating System company, today announced that BUZZ High Performance Computing (BUZZ HPC), a wholly owned s… [+6135 chars]",Positive
"{'id': 'the-times-of-india', 'name': 'The Times of India'}",Reuters,How Tesla and Waymo's radically different robotaxi approaches will shape the industry,"Elon Musk says Tesla’s robotaxis could reach half of the US by year-end, contrasting with Waymo’s slower, safety-focused rollout. Tesla relies on camera-based AI to scale quickly, while Waymo uses mapping and sensors. Analysts see Tesla’s approach as riskier …",https://economictimes.indiatimes.com/tech/technology/how-tesla-and-waymos-radically-different-robotaxi-approaches-will-shape-the-industry/articleshow/123565288.cms,"https://img.etimg.com/thumb/width-1200,height-900,imgsize-111154,resizemode-75,msid-123565288/tech/technology/how-tesla-and-waymos-radically-different-robotaxi-approaches-will-shape-the-industry.jpg",2025-08-28T12:44:33Z,"A month after Tesla launched a trial robotaxi service in Austin, Texas, in June for select fans, CEO Elon Musk told investors that the company's driverless taxis would likely be available to ""half th… [+9437 chars]",Neutral
"{'id': 'techcrunch', 'name': 'TechCrunch'}",Sean O'kane,How a 16-year-old company is easing small businesses into AI | TechCrunch,"Whether AI is a bubble or not, it's helping some small businesses save real money. Here's how one has cautiously approached adoption.",https://techcrunch.com/2025/08/28/how-a-16-year-old-company-is-easing-small-businesses-into-ai/,"https://techcrunch.com/wp-content/uploads/2019/05/gettyimages-88514711.jpg?resize=1200,799",2025-08-28T12:43:16Z,"Amid all the “is this a bubble?” talk about artificial intelligence, the supply chain and logistics industries have become breeding grounds for seemingly genuine uses of the technology. Flexport, Ube… [+5627 chars]",Negative
"{'id': None, 'name': 'Livemint'}",Barrons,This chip stock is soaring amid Nvidia’s China problems. The AI war has taken a turn.,Nvidia isn't forecasting any sales of its H20 chip for the Chinese market in the current quarter. That's good news for China's hottest chip maker.,https://www.livemint.com/companies/this-chip-stock-is-soaring-amid-nvidia-s-china-problems-the-ai-war-has-taken-a-turn-11756384541255.html,https://www.livemint.com/lm-img/img/2025/08/28/1600x900/im-329120_1756384543807_1756384610850.jpg,2025-08-28T12:37:59Z,"Nvidia isnt going to be able to sell its chips in China for the foreseeable future. Thats great news for Cambricon Technologies, the Chinese chip maker aiming to become the domestic alternative for a… [+2250 chars]",Neutral
"{'id': 'fox-news', 'name': 'Fox News'}",,Will Smith accused of using AI to create fake crowd in concert performance footage,"Will Smith faced accusations of using artificial intelligence to create fake crowds from ""Based On A True Story"" tour after fans spotted distorted images.",https://www.foxnews.com/entertainment/smith-accused-using-ai-create-fake-crowd-concert-performance-footage,https://static.foxnews.com/foxnews.com/content/uploads/2025/08/will-smith-red-hat.jpg,2025-08-28T12:36:29Z,"Will Smith is facing accusations of using artificial intelligence to create a crowd in a video shared online.
Smith, 56, posted a YouTube clip allegedly featuring scenes from a tour performance, but… [+2043 chars]",Negative
"{'id': None, 'name': 'GlobeNewswire'}",InvestorBrandNetwork (IBN),IBN Initiates Coverage of GlobalTech Corp.,"AUSTIN, Texas, Aug. 28, 2025 (GLOBE NEWSWIRE) -- GlobalTech Corp. (OTC: GLTK)
, a U.S.-based technology holding company specializing in artificial intelligence (AI), big data, and digital infrastructure, has selected IBN
, a multifaceted financial news and …",https://www.globenewswire.com/news-release/2025/08/28/3140789/0/en/IBN-Initiates-Coverage-of-GlobalTech-Corp.html,https://ml.globenewswire.com/Resource/Download/521a371f-1e54-4b5e-82b6-70b9bcbabc6d,2025-08-28T12:30:00Z,"AUSTIN, Texas, Aug. 28, 2025 (GLOBE NEWSWIRE) -- GlobalTech Corp. (OTC: GLTK)
, a U.S.-based technology holding company specializing in artificial intelligence (AI), big data, and digital infrastruc… [+4656 chars]",Neutral
"{'id': None, 'name': 'Cointelegraph'}",Cointelegraph by Helen Partz,Animoca’s Sandbox overhauls as co-founders confirm new strategic roles,"The Sandbox co-founders, Arthur Madrid and Sebastien Borget, have transitioned to new strategic roles amid an ongoing business optimization, Borget told Cointelegraph.",https://cointelegraph.com/news/the-sandbox-restructuring-ai-layoffs-cofounders-role-shift,"https://images.cointelegraph.com/cdn-cgi/image/format=auto,onerror=redirect,quality=90,width=1200/https://s3.cointelegraph.com/uploads/2025-08/0198f04d-960a-7638-af1f-e7afaf96c2ad",2025-08-28T12:27:59Z,"The Sandbox, a metaverse-focused subsidiary of Hong Kong-based Web3 firm Animoca Brands, is restructuring its operations, with its co-founders moving into new strategic roles.
Co-founders Arthur Mad… [+2499 chars]",Positive
"{'id': None, 'name': 'Biztoc.com'}",investors.com,Utility PPL Proves To Be A Growth Story With The Rise In Artificial Intelligence,"This may happen as a result of the following:
- Javascript is disabled or blocked by an extension (ad blockers for example)
- Your browser does not support cookies
Reference ID: #1da952b8-840a-11f0-a391-210864bdf549
This may happen as a result of the followin…",https://biztoc.com/x/3e65f0d1bf4abff7,https://biztoc.com/cdn/950/og.png,2025-08-28T12:26:09Z,This may happen as a result of the following:- Javascript is disabled or blocked by an extension (ad blockers for example)- Your browser does not support cookiesReference ID: #1da952b8-840a-11f0-a391… [+130 chars],Negative
"{'id': None, 'name': 'Phpclasses.org'}",Mohamed Ahmed,Laravel MCP SDK (New),"Package:

Laravel MCP SDK

Summary: 

Create tools to process user requests with prompts

Groups: 

Artificial intelligence, Libraries, PHP 7, Web services

Author: 

Mohamed Ahmed

Description: 

This package can be used to create tools to process u…",https://www.phpclasses.org/package/13600-PHP-Create-tools-to-process-user-requests-with-prompts.html,,2025-08-28T12:24:53Z,A Laravel package for implementing the Model Context Protocol (MCP) in Laravel applications. This protocol facilitates communication between AI models and Laravel applications through standardized in… [+16395 chars],Positive
"{'id': None, 'name': 'CBM (Comic Book Movie)'}",MarkCassidy,ALIEN: EARTH Showrunner Noah Hawley Explains Wendy's Strange Connection To The Xenomorphs - SPOILERS,"This week's fourth episode of Alien: Earth concluded with an intriguing development, as Wendy used her new ability to communicate with (tame?) a Xenomorph chestburster...",https://comicbookmovie.com/sci_fi/alien/alien-earth-showrunner-noah-hawley-explains-wendys-strange-connection-to-the-xenomorphs---spoilers-a223560,https://comicbookmovie.com/images/articles/banners/alien-earth-showrunner-noah-hawley-explains-wendys-strange-connection-to-the-xenomorphs---spoilers-ab223560.jpg,2025-08-28T12:24:52Z,"This week's fourth episode of Alien: Earth delved into Wendy's (Sydney Chandler) mysterious connection to the Xenomorphs, while posing an intriguing question: Can the notoriously aggressive extraterr… [+3767 chars]",Negative
"{'id': None, 'name': 'Theregister.com'}",Gareth Halfacree,"Good morning, Brit Xbox fans – ready to prove your age?","Microsoft blames incoming UK Online Safety Act, says you have until 2026 Microsoft has begun emailing users of its Xbox gaming platform with likely unwelcome news: users will need to verify their age if they want to keep access to the company's various social…",https://www.theregister.com/2025/08/28/xbox_online_safety_act/,https://regmedia.co.uk/2025/08/28/shutterstock_2500615221.jpg,2025-08-28T12:17:10Z,"Microsoft has begun emailing users of its Xbox gaming platform with likely unwelcome news: users will need to verify their age if they want to keep access to the company's various social services, an… [+3727 chars]",Positive
"{'id': None, 'name': 'BusinessLine'}",Nikhil  Kurhe,AI in fraud detection: Fighting financial crime with real-time analytics,"For financial institutions, AI-driven fraud tools can offer critical insight into how fraud is evolving, and thus stay ahead of the curve effectively",https://www.thehindubusinessline.com/opinion/ai-in-fraud-detection-fighting-financial-crime-with-real-time-analytics/article69984410.ece,https://bl-i.thgim.com/public/incoming/siupuq/article69984560.ece/alternates/LANDSCAPE_1200/PO22_Data_analysis.jpg,2025-08-28T12:12:27Z,"Priya Mehra, a 34-year-old communications professional, fell prey to a real estate scam while searching for a house online. After finding a listing she liked, she contacted the owner, who requested a… [+7378 chars]",Neutral
"{'id': None, 'name': 'Www.gov.uk'}",Ministry of Justice,"24/7 GPS tags lead crackdown on burglary, theft and robbery","Reoffending by burglars, robbers and thieves has been cut by 20 percent thanks to the tracking of their movements with tags, a new report  has found.",https://www.gov.uk/government/news/247-gps-tags-lead-crackdown-on-burglary-theft-and-robbery,https://assets.publishing.service.gov.uk/media/5a37db21ed915d5a62fdc762/s960_ministry-of-justice.jpg,2025-08-28T12:03:21Z,"<ul><li>GPS tags cut reoffending rates of criminals by 20%, new report shows</li><li>Tech tracks movements of offenders which is mapped to unsolved crime</li><li>New statistics show record high of 20… [+4964 chars]",Neutral
"{'id': None, 'name': 'SiliconANGLE News'}",Maria Deutscher,Uniphore buys Orby AI and Autonom8 to extend its automation capabilities,"Uniphore Technologies Inc. has bought Orby AI Inc. and Autonom8 Inc., two startups that develop software for automating repetitive business tasks. The company announced the deals today without disclosing the financial terms.  Uniphore was valued at $2.5 billi…",https://siliconangle.com/2025/08/28/uniphore-buys-orby-ai-autonom8-extend-automation-capabilities/,https://d15shllkswkct0.cloudfront.net/wp-content/blogs.dir/1/files/2025/08/Uniphore.png,2025-08-28T12:00:05Z,"Uniphore Technologies Inc. has bought Orby AI Inc. and Autonom8 Inc., two startups that develop software for automating repetitive business tasks.
The company announced the deals today without discl… [+4087 chars]",Neutral
"{'id': 'fortune', 'name': 'Fortune'}",Amit Walia,I had to make a big bet on a make-or-break 18 months. I later sold my company for $8 billion but first I had to dive deep into the ‘gray area’,"The tech CEO’s playbook includes big bets, hard choices and gut decisions.",https://fortune.com/2025/08/28/ceo-gray-area-8-billion-informatica-salesforce-acquisition/,"https://fortune.com/img-assets/wp-content/uploads/2025/08/Amit_Walia_21B0695-1-1.jpeg?resize=1200,600",2025-08-28T12:00:00Z,"Tech CEOs spend hours in the public eyeat industry events, on earnings calls, engaging the media, communicating via our social channels. Then its back to the 24/7 grind in pursuit of innovation and m… [+4563 chars]",Positive
"{'id': None, 'name': 'Forbes'}","Sol Rashidi, Contributor, 
 Sol Rashidi, Contributor
 https://www.forbes.com/sites/solrashidi/",Moderna’s Game-Changing ReOrg: Merging HR And IT Under One Umbrella,How to prepare your workforce for AI and what to do about it.,https://www.forbes.com/sites/solrashidi/2025/08/28/modernas-game-changing-reorg-merging-hr-and-it-under-one-umbrella/,https://imageio.forbes.com/specials-images/imageserve/68aa38bd8ed713ecbc8cc137/0x0.jpg?format=jpg&height=900&width=1600&fit=bounds,2025-08-28T12:00:00Z,"Moderna is the 1st first organization to make the AI org chart move.
LightRocket via Getty Images
In the age of artificial intelligence and organizational reinvention, Moderna is taking a big leap … [+4579 chars]",Neutral
"{'id': 'the-times-of-india', 'name': 'The Times of India'}",ET Special,"Why AI startups cost more, not less to build: Investor insights from ET Soonicorns Summit 2025","At the ET Soonicorns Summit 2025, Harshjit Sethi and Ritesh Banglani dismantled one of the most persistent myths in today’s startup ecosystem: that AI will make company building cheaper and faster. Instead, they argued, AI-native startups are proving to be fa…",https://economictimes.indiatimes.com/tech/startups/why-ai-startups-cost-more-not-less-to-build-investor-insights-from-et-soonicorns-summit-2025/articleshow/123564280.cms,"https://img.etimg.com/thumb/width-1200,height-900,imgsize-295042,resizemode-75,msid-123564280/tech/startups/why-ai-startups-cost-more-not-less-to-build-investor-insights-from-et-soonicorns-summit-2025.jpg",2025-08-28T11:58:03Z,"We joke internally that founders seem to want to start only two kinds of companies, AI (artificial intelligence) and quick commerce in India, remarked Ritesh Banglani, Partner at Stellaris Venture Pa… [+8481 chars]",Positive
"{'id': None, 'name': 'Windows Central'}","kevinokemwa@outlook.com (Kevin Okemwa) , Kevin Okemwa",Microsoft's Satya Nadella reportedly wants to scrap the 'AGI' clause that could let OpenAI leave its partnership before 2030,"Microsoft and OpenAI are reportedly unlikely to reach favourable terms before December 31, which could lead to losing investor funding, outsider interference, and hostile takeovers.",https://www.windowscentral.com/artificial-intelligence/openai-chatgpt/microsoft-satya-nadella-scrap-agi-clause-before-2030,https://cdn.mos.cms.futurecdn.net/WscjnqGnqJgjmiiQqaKxfM.jpg,2025-08-28T11:43:00Z,"Since last year, multiple reports have emerged alleging that OpenAI could be on the verge of bankruptcy, with projections of making a $5 billion loss within 12 months. This issue could be predominant… [+4977 chars]",Positive
"{'id': None, 'name': 'Geeky Gadgets'}",Julian Horsey,AI’s Dark Side : How Cybercriminals Are Weaponizing Artificial Intelligence,What if the same technology that powers new medical discoveries and automates tedious tasks could also be weaponized to orchestrate large-scale cyberattacks? This is the dual-edged reality of artificial intelligence (AI) today. While AI has transformed indust…,https://www.geeky-gadgets.com/ai-dark-side-cybercrime-threats-in-2025/,https://www.geeky-gadgets.com/wp-content/uploads/2025/08/anthropic-cybersecurity-solutions.jpg,2025-08-28T11:41:09Z,What if the same technology that powers new medical discoveries and automates tedious tasks could also be weaponized to orchestrate large-scale cyberattacks? This is the dual-edged reality of artific… [+7274 chars],Negative
"{'id': None, 'name': 'BBC News'}",,Hackers used AI to 'to commit large-scale theft',A report from the makers of Claude said the AI tool had been used to commit cyber-attacks and fraud.,https://www.bbc.com/news/articles/crr24eqnnq9o,https://ichef.bbci.co.uk/news/1024/branded_news/0074/live/2243e100-83f7-11f0-84c8-99de564f0440.png,2025-08-28T11:40:27Z,"A top artificial intelligence (AI) company says the technology has been ""weaponised"" by hackers to carry out sophisticated cyber attacks.
Anthropic, which makes the chatbot Claude, says its tools we… [+2936 chars]",Neutral
"{'id': None, 'name': 'InfoQ.com'}",Ben Linders,An AI-Driven Approach to Creating Effective Learning Experiences at QCon,"An experiment was created around a certification program influenced by AI at QCon London, which included special events during the conference, a pre-conference breakfast where participants could learn about upcoming activities, and an AI-driven workshop immed…",https://www.infoq.com/news/2025/08/AI-learning-experiences-QCon/,https://res.infoq.com/news/2025/08/AI-learning-experiences-QCon/en/headerimage/ai-learning-experiences-QCon-header-1756105812788.jpg,2025-08-28T11:38:00Z,"Wes Reisz, a technical principal and the conference chair for the upcoming QCon.Ai software conference, recently spoke at InfoQ Dev Summit Boston about a program he led using AI during QCon London 20… [+6461 chars]",Positive
"{'id': 'financial-post', 'name': 'Financial Post'}",The Canadian Press,"CIBC reports third-quarter profit rose to $2.10 billion, revenue also up","TORONTO — CIBC reported a third-quarter profit of $2.10 billion, up from $1.80 billion in the same quarter last year. The bank says the profit amounted to $2.15 per share for the quarter ending July 31, up from $1.82 per share last year. Revenue totalled $7.2…",https://financialpost.com/pmn/cibc-reports-third-quarter-profit-rose-to-2-10-billion-revenue-also-up,https://smartcdn.gprod.postmedia.digital/financialpost/wp-content/uploads/2025/08/68b02c28fb7ca345b26fe991jpeg.jpg,2025-08-28T11:31:24Z,"TORONTO CIBC reported a third-quarter profit of $2.10 billion, up from $1.80 billion in the same quarter last year.
THIS CONTENT IS RESERVED FOR SUBSCRIBERS ONLY
Subscribe now to read the latest ne… [+4039 chars]",Positive
"{'id': None, 'name': 'NPR'}",Brittney Melton,"How U.S. policy failed Gaza. And, the latest info on the Minneapolis school shooting","Exclusive interviews with NPR reveal how U.S. policy during Biden's administration impacted Gaza. And, a shooter opened fire on a Minneapolis church yesterday, killing two children.",https://www.npr.org/2025/08/28/g-s1-85965/up-first-newsletter-minneapolis-shooting-cdc-susan-monarez-gaza-famine,https://npr.brightspotcdn.com/dims3/default/strip/false/crop/5388x3031+0+281/resize/1400/quality/100/format/jpeg/?url=http%3A%2F%2Fnpr-brightspot.s3.amazonaws.com%2F17%2Fd1%2F31fe271c4d8e991a3a81d5fd5ff7%2Fgettyimages-2231726693.jpg,2025-08-28T11:30:56Z,"Good morning. You're reading the Up First newsletter. Subscribe here to get it delivered to your inbox, and listen to the Up First podcast for all the news you need to start your day.
Today's top st… [+6385 chars]",Neutral
"{'id': None, 'name': 'ComputerWeekly.com'}",Stephen Pritchard,AI and backup: How backup products leverage AI,"We look at how AI helps with backup, from AI analysis of backup jobs and their integrity through natural language support functionality to ransomware and anomaly detection",https://www.computerweekly.com/feature/AI-and-backup-How-backup-products-leverage-AI,https://www.computerweekly.com/rms/onlineimages/ai_a373894778.jpg,2025-08-28T11:30:00Z,"Software applications often list artificial intelligence (AI) capabilities in their feature sets, and data backup tools are no exception.
Software supplier use of AI and machine learning (ML) in thi… [+6825 chars]",Neutral
"{'id': None, 'name': 'Biztoc.com'}",cbsnews.com,New study sheds light on what kinds of workers are losing jobs to AI,"Artificial intelligence is replacing entry-level workers whose jobs can be performed by generative AI tools like ChatGPT, a rigorous new study finds.
Early-career employees in fields that are most exposed to AI have experienced a 13% drop in employment since …",https://biztoc.com/x/c3e4ce9b6462e92b,https://biztoc.com/cdn/c3e4ce9b6462e92b_s.webp,2025-08-28T11:28:58Z,"Artificial intelligence is replacing entry-level workers whose jobs can be performed by generative AI tools like ChatGPT, a rigorous new study finds.Early-career employees in fields that are most exp… [+145 chars]",Positive
"{'id': 'techradar', 'name': 'TechRadar'}","alexblake.techradar@gmail.com (Alex Blake) , Alex Blake",WhatsApp’s new AI-powered writing helper could help you avert another awkward conversation disaster,WhatsApp is rolling out an artificial intelligence writing helper that can check and rephrase your texts.,https://www.techradar.com/ai-platforms-assistants/whatsapps-new-ai-powered-writing-helper-could-help-you-avert-another-awkward-conversation-disaster,https://cdn.mos.cms.futurecdn.net/q7aSDH4iqZGufVU5ddtW6H.jpg,2025-08-28T11:27:00Z,"<ul><li>Meta has added a new AI-powered Writing Help feature to WhatsApp</li><li>The tool can rephrase your text or proofread it for errors</li><li>It’s opt-in, so you’ll need to enable it before you… [+2463 chars]",Negative
"{'id': None, 'name': 'Arxiv.org'}","Rui Mao, Qian Liu, Xiao Li, Erik Cambria, Amir Hussain","Bridging Minds and Machines: Toward an Integration of AI and Cognitive
 Science","Cognitive Science has profoundly shaped disciplines such as Artificial
Intelligence (AI), Philosophy, Psychology, Neuroscience, Linguistics, and
Culture. Many breakthroughs in AI trace their roots to cognitive theories,
while AI itself has become an indispens…",https://arxiv.org/abs/2508.20674,https://arxiv.org/static/browse/0.3.4/images/arxiv-logo-fb.png,2025-08-28T11:26:17Z,"arXivLabs is a framework that allows collaborators to develop and share new arXiv features directly on our website.
Both individuals and organizations that work with arXivLabs have embraced and acce… [+257 chars]",Neutral
"{'id': None, 'name': 'Livemint'}",Jocelyn Fernandes,ChatGPT gets updates after US teen’s suicide; OpenAI says ‘feel a deep responsibility…’ What will change?,OpenAI is updating ChatGPT to better handle mental distress following a lawsuit linking the chatbot to a teenager's suicide. The company in a blog post listed out the changes it is making to “improve how our models recognise and respond to signs of mental and…,https://www.livemint.com/companies/news/chatgpt-updates-us-teen-adam-raine-suicide-openai-feel-deep-responsibility-what-change-recognise-respond-mental-distress-11756373215093.html,https://www.livemint.com/lm-img/img/2025/08/28/1600x900/ChatGPT_Go_1755582554061_1755582554296_1756378314444.jpg,2025-08-28T11:23:08Z,ChatGPT is set to get updates following a lawsuit that alleges the artificial intelligence chatbot failed to conduct appropriate conversations with a teenager who committed suicide after repeatedly c… [+5571 chars],Neutral
"{'id': 'the-times-of-india', 'name': 'The Times of India'}",ET Online,"37-year-old father trusted ChatGPT on a sore throat; months later, doctors revealed a chilling, life-threatening diagnosis","Warren Tierney, a father from Ireland, used ChatGPT for medical advice. The AI said cancer was unlikely when he had trouble swallowing. Months later, he was diagnosed with stage-four oesophageal cancer. Tierney believes the AI delayed his diagnosis. OpenAI wa…",https://economictimes.indiatimes.com/magazines/panache/father-at-37-year-old-trusted-chatgpt-on-a-sore-throat-months-later-doctors-revealed-a-chilling-life-threatening-cancer-diagnosis/articleshow/123563150.cms,"https://img.etimg.com/thumb/msid-123563356,width-1200,height-630,imgsize-43638,overlay-etpanache/articleshow.jpg",2025-08-28T11:21:49Z,"In 1995, Bill Gates tried explaining the internet on late-night television, and people laughed at the idea of it being revolutionary. Fast forward to today, artificial intelligence is in a similar mo… [+2747 chars]",Negative
"{'id': None, 'name': 'Haaretz'}",Sagi Cohen,How to influence ChatGPT: Tech startups are racing to change AI's conversation,"For over two decades, companies have plied search engine optimization to boost their presence on sites like Google. With AI the game is GEO, generative engine optimization, for which companies are forming in droves",https://www.haaretz.com/israel-news/tech-news/2025-08-28/ty-article-magazine/.premium/how-to-influence-chatgpt-tech-startups-are-racing-to-change-ais-conversation/00000198-ec52-d06f-a19a-ec5712c10000,"https://img.haarets.co.il/bs/00000198-f05a-decf-a7fd-f97edfcc0001/72/6e/4bc606234145878e18e7764c7478/62773907.JPG?precrop=6000,3488,x0,y14&height=630&width=1200",2025-08-28T11:21:17Z,"You ask ChatGPT for a recommendation for a new phone or a restaurant, and you get a list of options. These might seem objective, the weighing of countless variables by artificial intelligence. Realit… [+32 chars]",Neutral
"{'id': 'financial-post', 'name': 'Financial Post'}",GlobeNewswire,"Cartier Launches Ambitious 100,000-m Drill Program on Cadillac","VAL-D’OR, Quebec, Aug. 28, 2025 (GLOBE NEWSWIRE) — Cartier Resources Inc. (″Cartier″ or the ″Company″) (TSXV: ECR; FSE:6CA) is pleased to announce it has started the fully funded 100,000-metre diamond drilling program on its 100%-owned Cadillac Project in Que…",https://financialpost.com/globe-newswire/cartier-launches-ambitious-100000-m-drill-program-on-cadillac,https://smartcdn.gprod.postmedia.digital/financialpost/wp-content/uploads/2025/08/cadillac-project.jpeg,2025-08-28T11:19:16Z,"VAL-DOR, Quebec, Aug. 28, 2025 (GLOBE NEWSWIRE) Cartier Resources Inc. (Cartier or the Company) (TSXV: ECR; FSE:6CA) is pleased to announce it has started the fully funded 100,000-metre diamond drill… [+4787 chars]",Positive
"{'id': None, 'name': 'CNBC'}",,"AI adoption linked to 13% decline in jobs for young U.S. workers, Stanford study reveals",A Standford study has found evidence that the widespread adoption of generative AI is impacting the job prospects of early career workers.,https://www.cnbc.com/2025/08/28/generative-ai-reshapes-us-job-market-stanford-study-shows-entry-level-young-workers.html,https://image.cnbcfm.com/api/v1/image/108177570-1753687681221-gettyimages-2170889984-2024_vrtg_sep_01_011.jpeg?v=1756368101&w=1920&h=1080,2025-08-28T11:16:01Z,"There is growing evidence that the widespread adoption of generative AI is impacting the job prospects of America's workers, according to a paper released on Tuesday by three Stanford University rese… [+2676 chars]",Positive
"{'id': None, 'name': 'GlobeNewswire'}",Ressources Cartier inc.,"Cartier Launches Ambitious 100,000-m Drill Program on Cadillac","Cartier Resources Launches, 100,000-m program on its 100%-owned Cadillac Project, 600 drill holes and 200-m average depth over 18 months ......",https://www.globenewswire.com/news-release/2025/08/28/3140687/0/en/Cartier-Launches-Ambitious-100-000-m-Drill-Program-on-Cadillac.html,https://ml.globenewswire.com/Resource/Download/e7758dc9-7eda-4f3e-932b-935930e82b7b,2025-08-28T11:15:00Z,"VAL-DOR, Quebec, Aug. 28, 2025 (GLOBE NEWSWIRE) -- Cartier Resources Inc. (Cartier or the Company) (TSXV: ECR; FSE:6CA) is pleased to announce it has started the fully funded 100,000-metre diamond dr… [+4227 chars]",Positive
"{'id': 'the-times-of-india', 'name': 'The Times of India'}",Akash Podishetti,Jio Financial AGM: Here are the top 5 takeaways and hints for RIL AGM,"Jio Financial Services (JFS) revealed ambitious expansion plans at its AGM, showcasing significant growth in its lending business, with AUM surging to Rs 11,665 crore. Strategic partnerships with Allianz and BlackRock signal JFS's entry into insurance, asset …",https://economictimes.indiatimes.com/markets/stocks/news/jio-financial-agm-here-are-the-top-5-takeaways-and-hints-for-ril-agm/articleshow/123563375.cms,"https://img.etimg.com/thumb/msid-123563361,width-1200,height-630,imgsize-30680,overlay-etmarkets/articleshow.jpg",2025-08-28T11:14:01Z,"Jio Financial Services (JFS) held its Annual General Meeting (AGM), revealing key details about its plans and performance. The AGM suggests the company is rapidly expanding its digital-first financia… [+2111 chars]",Positive
"{'id': None, 'name': 'Yahoo Entertainment'}",Reuters,Best Buy beats quarterly sales estimates on stable demand,"Best Buy posted a surprise rise in second-quarter sales on Thursday, driven by strong online sales and a surge in demand for artificial intelligence-powered ...",https://finance.yahoo.com/news/best-buy-beats-quarterly-sales-110908740.html,https://media.zenfs.com/en/reuters-finance.com/7a59ac8fe11e6dc034f68c4545958090,2025-08-28T11:09:08Z,"(Reuters) -Best Buy posted a surprise rise in second-quarter sales on Thursday, driven by strong online sales and a surge in demand for artificial intelligence-powered computers, mobile phones and ot… [+846 chars]",Positive
"{'id': None, 'name': 'Malwarebytes.com'}",Pieter Arntz,Claude AI chatbot abused to launch “cybercrime spree”,Anthropic—maker of AI coding chatbot Claude—says cybercriminals have abused Claude to automate and orchestrate sophisticated attacks.,https://www.malwarebytes.com/blog/uncategorized/2025/08/claude-ai-chatbot-abused-to-launch-cybercrime-spree,https://www.malwarebytes.com/wp-content/uploads/sites/2/2025/08/Claude_logo.png,2025-08-28T11:07:46Z,"Anthropicthe company behind the widely renowned coding chatbot, Claudesays it uncovered a large-scale extortion operation in which cybercriminals abused Claude to automate and orchestrate sophisticat… [+3388 chars]",Neutral
"{'id': None, 'name': 'Malwarebytes.com'}",Pieter Arntz,Claude AI chatbot abused to launch “cybercrime spree”,Anthropic—maker of AI coding chatbot Claude—says cybercriminals have abused Claude to automate and orchestrate sophisticated attacks.,https://www.malwarebytes.com/blog/news/2025/08/claude-ai-chatbot-abused-to-launch-cybercrime-spree,https://www.malwarebytes.com/wp-content/uploads/sites/2/2025/08/Claude_logo.png,2025-08-28T11:07:46Z,"Anthropicthe company behind the widely renowned coding chatbot, Claudesays it uncovered a large-scale extortion operation in which cybercriminals abused Claude to automate and orchestrate sophisticat… [+3388 chars]",Neutral
"{'id': None, 'name': 'Antaranews.com'}",Arie Novarina,Minister urges Indonesia's universities to tailor AI to local needs,Indonesia&#39;s Minister of Communications and Digital Meutya Hafid on Thursday called on universities to adopt artificial intelligence (AI) based on their ...,https://en.antaranews.com/news/376253/minister-urges-indonesias-universities-to-tailor-ai-to-local-needs,https://cdn.antaranews.com/cache/1200x800/2025/08/28/IMG_5307.jpeg,2025-08-28T11:07:43Z,Badung (ANTARA) - Indonesia's Minister of Communications and Digital Meutya Hafid on Thursday called on universities to adopt artificial intelligence (AI) based on their regional needs to help drive … [+2184 chars],Neutral
"{'id': None, 'name': 'HackRead'}",Owais Sultan,The Role of Enterprise Email Security in Modern Cybersecurity Strategies,"Email has always been a double-edged sword in the world of business. On one hand, it’s the fastest,…",https://hackread.com/enterprise-email-security-role-cybersecurity-strategy/,https://hackread.com/wp-content/uploads/2025/08/enterprise-email-security-role-cybersecurity-strategy.jpg,2025-08-28T11:05:05Z,"Email has always been a double-edged sword in the world of business. On one hand, its the fastest, most reliable way to communicate across teams, customers, and partners. On the other hand, its also … [+4653 chars]",Positive
"{'id': None, 'name': 'Yahoo Entertainment'}",Reuters,Volkswagen extends Amazon cloud partnership to save costs with AI,"BERLIN (Reuters) -Volkswagen has extended its 'factory cloud' partnership with Amazon Web Services by another five years, the German carmaker said on...",https://finance.yahoo.com/news/volkswagen-extends-amazon-cloud-partnership-110214304.html,https://media.zenfs.com/en/reuters.com/0f5d9ae764d466b7029a00c2ea4d085d,2025-08-28T11:02:14Z,"BERLIN (Reuters) -Volkswagen has extended its 'factory cloud' partnership with Amazon Web Services by another five years, the German carmaker said on Thursday, as it rolls out the use of artificial i… [+986 chars]",Neutral
"{'id': None, 'name': 'Windows Central'}","kevinokemwa@outlook.com (Kevin Okemwa) , Kevin Okemwa","Microsoft's Copilot AI gets a prime time debut on Samsung's 2025 TVs and smart monitors — with a new ""face"" to boot",Samsung recently announced that it has integrated Copilot across its new range of 2025 TVs and smart monitors to generate custom TV backgrounds and get show recommendations based on viewing habits.,https://www.windowscentral.com/artificial-intelligence/microsoft-copilot/copilot-ai-gets-a-prime-time-debut-on-samsung-2025-tvs,https://cdn.mos.cms.futurecdn.net/JwAT2VC7ttp6PH4CqMx7fH.jpg,2025-08-28T11:02:00Z,"Earlier this year, during CES, Samsung and LG announced that Microsoft's Copilot AI was coming to their TVs to improve the general user experience by allowing users to generate custom TV backgrounds … [+3833 chars]",Positive
"{'id': None, 'name': 'National Post'}",Joseph Brean,How to fix Canada's broke universities? There's a template for that,A consulting firm's strategies for getting out of the red has been adopted by many major schools. Critics call it the corporatization of higher education,https://nationalpost.com/feature/how-to-fix-canadas-broke-universities-a-template,https://smartcdn.gprod.postmedia.digital/nationalpost/wp-content/uploads/2025/08/universities-1.jpg,2025-08-28T11:00:40Z,"A consulting firm's strategies for getting out of the red has been adopted by many major schools. Critics call it the corporatization of higher education
McGill University campus.Photo by Ryan Remio… [+28028 chars]",Neutral
"{'id': None, 'name': 'Snopes.com'}",Jack Izzo,AI slop took over the internet. Here's what it is and why you should care,We know firsthand how hard figuring out whether something is real can be.,https://www.snopes.com//articles/471027/ai-slop-explainer/,https://mediaproxy.snopes.com/width/1200/https://media.snopes.com/2025/08/a_collection_of_ai_slop_images.png,2025-08-28T11:00:00Z,"Bakare, Lanre, et al. ""An AI-Generated Band Got 1m Plays on Spotify. Now Music Insiders Say Listeners Should Be Warned."" The Guardian, 14 Jul. 2025. The Guardian, https://www.theguardian.com/technolo… [+4801 chars]",Neutral
"{'id': None, 'name': 'Live Science'}",Owen Hughes,China's 'Darwin Monkey' is the world's largest brain-inspired supercomputer,Darwin Monkey or 'Wukong' features over 2 billion artificial neurons and more than 100 billion synapses — similar to the neural structure of a macaque.,https://www.livescience.com/technology/computing/chinas-darwin-monkey-is-the-worlds-largest-brain-inspired-supercomputer,https://cdn.mos.cms.futurecdn.net/yfQsLCir8JU2JL9nENYDum.jpg,2025-08-28T11:00:00Z,"Scientists in China have unveiled a supercomputer built on brain-like architecture — specifically, that of a monkey.
Called Darwin Monkey or ""Wukong"", the system features over 2 billion artificial n… [+3664 chars]",Negative
"{'id': None, 'name': 'Forbes'}","Rebecca Isaacs, Forbes Staff, 
 Rebecca Isaacs, Forbes Staff
 https://www.forbes.com/sites/forbes-personal-shopper/people/rebecca-isaacs/","The Best Smartwatches For Women, Tested By Our Tech Team","The best smartwatches for women can help you take calls, track your health and more. After rigorously testing over a dozen options, here are our top picks.",https://www.forbes.com/sites/forbes-personal-shopper/article/best-smartwatch-for-women/,https://imageio.forbes.com/specials-images/imageserve/68962c03ea781a8de4781497/0x0.jpg?format=jpg&height=900&width=1600&fit=bounds,2025-08-28T11:00:00Z,"Any good smartwatch will track notifications and take calls, but the best smartwatches for women go a step further, offering robust health and cycle tracking features along with plenty of support for… [+33141 chars]",Positive
"{'id': None, 'name': 'GlobeNewswire'}","VS Service Company, LLC",Victoria’s Secret & Co. Reports Second Quarter 2025 Results,"Second quarter sales, operating income and EPS exceed expectations  Second quarter comparable sales up 4%  Company raises full year 2025 sales guidance...",https://www.globenewswire.com/news-release/2025/08/28/3140664/0/en/Victoria-s-Secret-Co-Reports-Second-Quarter-2025-Results.html,https://ml.globenewswire.com/Resource/Download/6a9535b3-0a7a-4d36-8278-0399358ad48a,2025-08-28T11:00:00Z,"Second quarter sales, operating income and EPS exceed expectations
Second quarter comparable sales up 4%
Company raises full year 2025 sales guidance
REYNOLDSBURG, Ohio, Aug. 28, 2025 (GLOBE NEWSW… [+29744 chars]",Negative
"{'id': None, 'name': 'ComputerWeekly.com'}",Simon Quicke,Nebula launches engineering initiative,Services specialist offers verified framework to ensure those working with customers meet the required standard,https://www.computerweekly.com/microscope/news/366630006/Nebula-launches-engineering-initiative,https://www.computerweekly.com/visuals/German/article/industrial-IoT-1-adobe.jpg,2025-08-28T11:00:00Z,"Nebula Global Services has cut the ribbon on an initiative designed to improve technical knowledge across the channel.
The firms Nebulab Verified Engineer Ecosystem is a reaction to the growing dema… [+3224 chars]",Neutral
"{'id': None, 'name': 'Onefootball.com'}",, Majesty and power: Roma unveil their new away kit ⚡️! All Serie A shirts ,Only Roma was missing to complete the list of second jerseys for Serie A teams. The Giallorossi club abandons the classic white seen in recent seasons and dares.The bright orange embraces a lightning ...,https://onefootball.com/en/news/majesty-and-power-roma-unveil-their-new-away-kit-all-serie-a-shirts-41578164,https://photobooth-api.onefootball.com/api/screenshot/%2Fv2%2Fphotobooth%2Fcms%2Fen%2F41578164%3Fdate=2025-08-28,2025-08-28T10:56:00Z,"Only Roma was missing to complete the list of second jerseys for Serie A teams. The Giallorossi club abandons the classic white seen in recent seasons and dares.
This browser is not supported, pleas… [+1281 chars]",Positive
"{'id': None, 'name': 'ETF Daily News'}",MarketBeat News,Top Automotive Stocks To Keep An Eye On – August 25th,"NVIDIA, Tesla, Taiwan Semiconductor Manufacturing, Costco Wholesale, Bank of America, CSX, and Salesforce are the seven Automotive stocks to watch today, according to MarketBeat’s stock screener tool. Automotive stocks are shares of publicly traded companies …",https://www.etfdailynews.com/2025/08/28/top-automotive-stocks-to-keep-an-eye-on-august-25th/,https://www.americanbankingnews.com/wp-content/timthumb/timthumb.php?src=https://www.marketbeat.com/logos/nvidia-co-logo-1200x675.jpg?v=20221020142916&w=240&h=240&zc=2,2025-08-28T10:51:01Z,"NVIDIA, Tesla, Taiwan Semiconductor Manufacturing, Costco Wholesale, Bank of America, CSX, and Salesforce are the seven Automotive stocks to watch today, according to MarketBeat’s stock screener tool… [+4403 chars]",Positive
"{'id': 'cnn', 'name': 'CNN'}","Clare Duffy, Lisa Eadicicco","150 job applications, rescinded offers: Computer science grads are struggling to find work | CNN Business","For years, computer science degrees, or even certificates from coding bootcamps, seemed like a golden ticket to a sustainable, well-paying job. But in recent years, job openings have become more competitive and harder to come by.",https://www.cnn.com/2025/08/28/tech/computer-science-graduates-job-hunt-ai,"https://media.cnn.com/api/v1/images/stellar/prod/gettyimages-2221408004-20250827210404252.jpg?c=16x9&q=w_800,c_fill",2025-08-28T10:48:56Z,"Abraham Rubio has wanted to be a software engineer since childhood.
On the gaming platform Minecraft, he loved tinkering with mods, or alterations to video games created by fans that change elements… [+11941 chars]",Positive
"{'id': None, 'name': 'Finextra'}",Editorial Team,AI is not the real hurdle! Where fintech innovation truly gets stuck (Viacheslav Kostin),"If you read the headlines, you’d think artificial intelligence is the only story in fintech. Banks a...",https://www.finextra.com/blogposting/29236/ai-is-not-the-real-hurdle-where-fintech-innovation-truly-gets-stuck,https://www.finextra.com/finextra-images/member_photos/thumb_168190_viacheslav_kostin_15.jpg,2025-08-28T10:46:27Z,"If you read the headlines, youd think artificial intelligence is the only story in fintech. Banks and fintechs alike feel pressured to showcase their AI credentials, even when the use cases are thin.… [+1465 chars]",Positive
"{'id': None, 'name': 'Gizmodo.com'}",Riley Gutiérrez McDermid,Did Nvidia Just Pop an AI Bubble? Here’s What the Market Says,Lukewarm results from artificial intelligence giant Nvidia have the entire market asking if the AI boom is heading for the exits.,https://gizmodo.com/did-nvidia-just-pop-an-ai-bubble-heres-what-the-market-says-2000649432,https://gizmodo.com/app/uploads/2024/11/Jensen-Huang-Nvidia-1.jpg,2025-08-28T10:46:19Z,"Lukewarm second quarter results from AI powerhouse Nvidia (NVDA) Wednesday have Wall Street bros and the analysts that love them catching all kinds of feelings.
Long a bellwether for how the market … [+4629 chars]",Neutral
"{'id': None, 'name': 'Yahoo Entertainment'}",Mike Dolan,Morning Bid: China sales doubt blurs Nvidia beat,"Sky-high expectations left Nvidia shares in the red overnight despite another earnings beat from the world's most valuable company, as the market grumbled...",https://finance.yahoo.com/news/morning-bid-china-sales-doubt-104336927.html,https://media.zenfs.com/en/reuters-finance.com/254dc2dd2cc89d24b9d45754ea6336e8,2025-08-28T10:43:36Z,"By Mike Dolan
LONDON (Reuters) - What matters in U.S. and global markets today
By Mike Dolan, Editor-At-Large, Finance and Markets
Sky-high expectations left Nvidia shares in the red overnight des… [+5178 chars]",Neutral
"{'id': None, 'name': 'Resilience'}",Charlotte Du Cann,Bread of Heaven,"To find satisfaction you have to have an encounter with the real world and absorb its great subtleties. It’s difficult to make the deep connections about food without meeting the people that grow the plants or bake the bread, or doing those things yourself.",https://www.resilience.org/stories/2025-08-28/bread-of-heaven/,https://www.resilience.org/wp-content/uploads/2025/08/7e9cce7e-fd8c-4fca-83a3-e8449f6947a0_2520x1569.jpg,2025-08-28T10:43:13Z,Last week (ed. note: this story was published on Charlotte’s blog on July 27th) I went to Hodmedod’s Bean Store at Brampton to their monthly pop-up shop when the warehouse is open to the public. I st… [+35329 chars],Neutral
"{'id': 'the-times-of-india', 'name': 'The Times of India'}",ET Online,"AI researchers lured with high salaries are leaving Meta, quoting Mark Zuckerberg’s own advice on their way out","Meta's Superintelligence Labs (MSL) is facing early challenges as several researchers, including those lured from OpenAI and DeepMind, have resigned shortly after joining. Citing shifting priorities and a desire for mission alignment over high salaries, these…",https://economictimes.indiatimes.com/magazines/panache/ai-researchers-lured-with-high-salaries-are-leaving-metas-superintelligence-lab-quoting-mark-zuckerbergs-own-words-on-their-way-out/articleshow/123562342.cms,"https://img.etimg.com/thumb/msid-123562449,width-1200,height-630,imgsize-910618,overlay-etpanache/articleshow.jpg",2025-08-28T10:40:57Z,"When Mark Zuckerberg announced Metas Superintelligence Labs (MSL) earlier this year, it was framed as a moonshot project meant to catapult the company to the forefront of the artificial intelligence … [+3362 chars]",Positive
"{'id': 'financial-post', 'name': 'Financial Post'}",Naimul Karim,CIBC posts double-digit profit growth in all segments to beat analyst expectations in the third quarter,CIBC beat analysts' expectations as the lender posted double-digit net income growth across each of its business segments. Read more.,https://financialpost.com/fp-finance/banking/cibc-profit-growth-segments-analyst-expectations-third-quarter,https://smartcdn.gprod.postmedia.digital/financialpost/wp-content/uploads/2025/08/0829-bc-cibc.jpg,2025-08-28T10:30:16Z,"Canadian Imperial Bank of Commerce beat analysts expectations on Thursday as the lender posted double-digit net income growth across each of its business segments.
THIS CONTENT IS RESERVED FOR SUBSC… [+5025 chars]",Neutral
"{'id': None, 'name': 'GlobeNewswire'}","Porsche Cars North America, Inc.",Updated Model Year 2026 Macan Electric,"More comfort, smarter assistance and enhanced entertainment for the Porsche Macan Electric More comfort, smarter assistance and enhanced entertainment for the Porsche Macan Electric",https://www.globenewswire.com/news-release/2025/08/28/3140629/0/en/Updated-Model-Year-2026-Macan-Electric.html,https://ml.globenewswire.com/Resource/Download/0e56fced-305e-4b7e-956b-2195adbd285a,2025-08-28T10:28:00Z,"Atlanta., Aug. 28, 2025 (GLOBE NEWSWIRE) -- Porsche is equipping the all-electric Macan with new assistance systems and digital features for the new model year. The focus is on increased convenience … [+7028 chars]",Neutral
"{'id': None, 'name': 'GhanaWeb'}",Ghanaweb,GTA denies replacing 'Akwaaba' and 'Woezor' with Ga greeting,The Ghana Tourism Authority (GTA) has denied reports that Akan and Ewe greetings on the welcome signage at the Kwame Nkrumah Memorial Park in Accra have been replaced with a Ga inscription.,https://www.ghanaweb.com/GhanaHomePage/entertainment/GTA-denies-replacing-Akwaaba-and-Woezor-with-Ga-greeting-1998170,https://cdn.ghanaweb.com/imagelib/pics/642/64252819.jpg,2025-08-28T10:27:00Z,"The Ghana Tourism Authority (GTA) has denied reports that Akan and Ewe greetings on the welcome signage at the Kwame Nkrumah Memorial Park in Accra have been replaced with a Ga inscription.
Social m… [+2260 chars]",Neutral
"{'id': 'the-times-of-india', 'name': 'The Times of India'}",Bloomberg,Who’s to blame for higher US power bill?,"Energy Secretary Chris Wright attributes rising electricity bills to Democrats' green power policies, but the reality is more complex. Distribution infrastructure investments, not generation, drive much of the price increase. While deregulation has been succe…",https://economictimes.indiatimes.com/news/international/global-trends/whos-to-blame-for-higher-us-power-bill/articleshow/123562065.cms,"https://img.etimg.com/thumb/msid-123562132,width-1200,height-630,imgsize-403124,overlay-economictimes/articleshow.jpg",2025-08-28T10:20:55Z,"At his Senate confirmation hearing, Energy Secretary Chris Wright confessed he was new to politics. He is a fast learner. Wright lamented in a recent interview with Politico that President Donald Tru… [+6104 chars]",Positive
"{'id': None, 'name': 'CNA'}",,AI-generated image of Lee Kuan Yew in Jack Neo video assessed by MCCY as 'respectful',Mr Neo posted a music video on social media featuring an AI-generated image of the late Mr Lee wishing Singapore a happy 60th birthday.,https://www.channelnewsasia.com/singapore/lee-kuan-yew-ai-video-jack-neo-mccy-5319576,"https://dam.mediacorp.sg/image/upload/s--xpS-CJu5--/c_crop,h_552,w_981,x_107,y_0/f_auto,q_auto/c_fill,g_auto,h_676,w_1200/v1/mediacorp/cna/image/2025/08/28/lky_jack_neo.jpeg?itok=JFNi3dYI",2025-08-28T10:17:00Z,"SINGAPORE: The use of an artificial intelligence (AI) generated image of Singapore's founding prime minister Lee Kuan Yew by local filmmaker Jack Neo has been deemed ""respectful"" by the Ministry of C… [+1874 chars]",Positive
"{'id': 'the-times-of-india', 'name': 'The Times of India'}",Reuters,How Tesla and Waymo's radically different robotaxi approaches will shape the industry,"Tesla and Waymo are pursuing divergent strategies in the autonomous driving space, estimated to become a multitrillion-dollar market. Tesla aims for rapid expansion using cameras and AI, while Waymo emphasizes meticulous mapping and testing for safety. Waymo'…",https://economictimes.indiatimes.com/news/international/global-trends/how-tesla-and-waymos-radically-different-robotaxi-approaches-will-shape-the-industry-ceo-elon-musk/articleshow/123562111.cms,"https://img.etimg.com/thumb/msid-123562169,width-1200,height-630,imgsize-163864,overlay-economictimes/articleshow.jpg",2025-08-28T10:14:46Z,"A month after Tesla launched a trial robotaxi service in Austin, Texas, in June for select fans, CEO Elon Musk told investors that the company's driverless taxis would likely be available to ""half th… [+9505 chars]",Neutral
"{'id': None, 'name': 'Yahoo Entertainment'}",Reuters,Nasdaq futures flat as Nvidia slips on China market uncertainty,"The exclusion came despite the company having secured certain licenses earlier this month to sell its H20 chips to major market China, after reaching a...",https://finance.yahoo.com/news/nasdaq-futures-flat-nvidia-slips-101420771.html,https://media.zenfs.com/en/reuters-finance.com/754170f6d33ab00c7cc8a3c66a4bed25,2025-08-28T10:14:20Z,"(Reuters) -Futures tracking the tech-heavy Nasdaq were flat on Thursday, constrained by a drop in Nvidia shares, as uncertainty around the Sino-U.S. trade war forced the AI chip giant to leave out po… [+2576 chars]",Negative
"{'id': None, 'name': 'CNA'}",,CrowdStrike shares slip as forecast reflects lingering effects of tech outage,CrowdStrike shares fell 3.3 per cent before the bell on Thursday after the cybersecurity firm's weak quarterly revenue forecast signaled the lasting effects of a botched software update last year that caused a global outage.The company projected third-quarter…,https://www.channelnewsasia.com/business/crowdstrike-shares-slip-forecast-reflects-lingering-effects-tech-outage-5319746,"https://dam.mediacorp.sg/image/upload/s--IRteNJYV--/fl_relative,g_south_east,l_mediacorp:cna:watermark:2024-04:reuters_1,w_0.1/f_auto,q_auto/c_fill,g_auto,h_676,w_1200/v1/one-cms/core/2025-08-28t101038z_1_lynxmpel7r0fh_rtroptp_3_crowdstrike-hldg-stocks.jpg?itok=QUpIJ7UZ",2025-08-28T10:10:38Z,CrowdStrike shares fell 3.3 per cent before the bell on Thursday after the cybersecurity firm's weak quarterly revenue forecast signaled the lasting effects of a botched software update last year tha… [+1528 chars],Neutral
"{'id': None, 'name': 'CNA'}",,CrowdStrike falls as tech outage effects weigh on forecast,CrowdStrike shares fell about 3 per cent before the bell on Thursday after the cybersecurity firm's weak quarterly revenue forecast signaled the lasting effects of a botched update last year that caused a global outage.The company projected third-quarter sale…,https://www.channelnewsasia.com/business/crowdstrike-falls-tech-outage-effects-weigh-forecast-5319746,"https://dam.mediacorp.sg/image/upload/s--IRteNJYV--/fl_relative,g_south_east,l_mediacorp:cna:watermark:2024-04:reuters_1,w_0.1/f_auto,q_auto/c_fill,g_auto,h_676,w_1200/v1/one-cms/core/2025-08-28t101038z_1_lynxmpel7r0fh_rtroptp_3_crowdstrike-hldg-stocks.jpg?itok=QUpIJ7UZ",2025-08-28T10:10:38Z,CrowdStrike shares fell about 3 per cent before the bell on Thursday after the cybersecurity firm's weak quarterly revenue forecast signaled the lasting effects of a botched update last year that cau… [+906 chars],Neutral
"{'id': None, 'name': 'CNA'}",,How Tesla and Waymo's radically different robotaxi approaches will shape the industry,"A month after Tesla launched a trial robotaxi service in Austin, Texas, in June for select fans, CEO Elon Musk told investors that the company’s driverless taxis would likely be available to “half the population of the U.S.” by the end of this year.Alphabet’s…",https://www.channelnewsasia.com/business/how-tesla-and-waymos-radically-different-robotaxi-approaches-will-shape-industry-5319731,"https://dam.mediacorp.sg/image/upload/s--tussJj-U--/fl_relative,g_south_east,l_mediacorp:cna:watermark:2024-04:reuters_1,w_0.1/f_auto,q_auto/c_fill,g_auto,h_676,w_1200/v1/one-cms/core/2025-08-28t100408z_1_lynxmpel7r0f0_rtroptp_3_tesla-waymo.jpg?itok=L_DMgHml",2025-08-28T10:04:08Z,"A month after Tesla launched a trial robotaxi service in Austin, Texas, in June for select fans, CEO Elon Musk told investors that the companys driverless taxis would likely be available to half the … [+9403 chars]",Neutral
"{'id': 'rt', 'name': 'RT'}",RT,Stanford University issues chilling AI job warning,"Smart tech is pushing young professionals out of the market, the report claims Read Full Article at RT.com",https://www.rt.com/news/623623-stanford-ai-warning-young-professionals/,https://mf.b37mrtl.ru/files/2025.08/article/68b026be20302724df27a254.jpg,2025-08-28T10:01:29Z,"The number of job opportunities for young professionals in AI-affected sectors across the US has dropped by 13% over the past three years, according to a report from the Stanford Digital Economy Lab.… [+2016 chars]",Negative
"{'id': None, 'name': 'Sky.com'}",Paul Kelso,Why the tech bubble seems safe - at least for now,"For all the trillions being spent in the pursuit of artificial intelligence (AI) it still cannot answer the existential question: is AI a truly transformative technology, akin to the railways, or a bubble about to burst, taking global markets with it?",https://news.sky.com/story/nvidia-tech-bubble-seems-safe-so-long-as-ai-demand-remains-high-13419880,https://e3.365dm.com/24/06/1600x900/skynews-nvidia-software_6585236.jpg?20240619101906,2025-08-28T10:01:00Z,"For all the trillions being spent in the pursuit of artificial intelligence (AI) it still cannot answer the existential question: is AI a truly transformative technology, akin to the railways, or a b… [+3085 chars]",Positive
"{'id': None, 'name': 'Slate Magazine'}",Laura Helmuth,The Bosses at My Job Are in an Intense Rivalry. It’s Complicating Everything in Unexpected Ways.,This has gone on long enough.,https://slate.com/advice/2025/08/work-advice-bosses-rivalry-job-university.html,https://compote.slate.com/images/fd3773ac-f2bb-4daf-b04a-7730759f9f2d.jpeg?crop=2000%2C1333%2Cx0%2Cy0&width=1560,2025-08-28T10:00:00Z,"Good Job is Slates advice column on work. Have a workplace problem big or small? Send it to Laura Helmuth and Doree Shafrir here. (Its anonymous!)
Dear Good Job,
I work for a university in a role I… [+9081 chars]",Positive
"{'id': None, 'name': 'CNA'}",,Snowflake shares surge as AI boom fuels demand for data platforms,"Snowflake shares jumped about 14 per cent on Thursday riding a wave of demand for its artificial intelligence database products, as companies race to modernize their data infrastructure and simplify AI adoption.The stock move is set to add more than $11 billi…",https://www.channelnewsasia.com/business/snowflake-shares-surge-ai-boom-fuels-demand-data-platforms-5319696,"https://dam.mediacorp.sg/image/upload/s--1z5b0l5j--/fl_relative,g_south_east,l_mediacorp:cna:watermark:2024-04:reuters_1,w_0.1/f_auto,q_auto/c_fill,g_auto,h_676,w_1200/v1/one-cms/core/2025-08-28t095837z_1_lynxmpel7r0eb_rtroptp_3_snowflake-ipo.jpg?itok=kZ_LKeEV",2025-08-28T09:58:37Z,"Snowflake shares jumped about 14 per cent on Thursday riding a wave of demand for its artificial intelligence database products, as companies race to modernize their data infrastructure and simplify … [+1216 chars]",Neutral
"{'id': None, 'name': 'GlobeNewswire'}",Research and Markets,"Smart Medical Devices Global Markets Report 2025-2030 | IoT Adoption, Wireless Communication Advances, and Rising Chronic Disease Burden Amid Aging Populations Fuel Expansion","The global smart medical devices market is set to soar from $87.7 billion in 2025 to $193.3 billion by 2030, with a CAGR of 17.1%. These IoT healthcare solutions, equipped with sensors for improved patient outcomes, offer insights into trends, drivers, and th…",https://www.globenewswire.com/news-release/2025/08/28/3140610/28124/en/Smart-Medical-Devices-Global-Markets-Report-2025-2030-IoT-Adoption-Wireless-Communication-Advances-and-Rising-Chronic-Disease-Burden-Amid-Aging-Populations-Fuel-Expansion.html,https://ml.globenewswire.com/Resource/Download/908fb457-7f8e-4a08-9081-5565e3dfb3d7,2025-08-28T09:56:00Z,"Dublin, Aug. 28, 2025 (GLOBE NEWSWIRE) -- The ""Smart Medical Devices: Global Markets"" report has been added to ResearchAndMarkets.com's offering.
The global market for smart medical devices is proje… [+8412 chars]",Positive
"{'id': 'business-insider', 'name': 'Business Insider'}",Tim Paradis,Super Bowl MVP Drew Brees has relied on this 'old-school' method to get ahead in football and in business,Longtime quarterback Drew Brees has relied on this strategy for success in football and business. It furthers his goal of consistent growth.,https://www.businessinsider.com/drew-brees-old-school-tactic-football-business-2025-8,https://i.insider.com/68af48accfc04e97619c246a?width=1200&format=jpeg,2025-08-28T09:52:01Z,"Former New Orleans Saints quarterback Drew Brees is honored during a halftime ceremony at an NFL football game between the Saints and the Philadelphia Eagles in New Orleans, Sunday, September 22, 202… [+3360 chars]",Positive
"{'id': None, 'name': 'Standard Digital'}",Xinhua,Xinhua hosts workshop for journalists to shed light on AI-driven media transformation,"The half-day training workshop themed ""The rise of AI and its impact on journalism"" took place in Nairobi, organised by Xinhua News Agency Africa Regional Bureau.",https://www.standardmedia.co.ke/business/sci-tech/article/2001528003/xinhua-hosts-workshop-for-journalists-to-shed-light-on-ai-driven-media-transformation,https://cdn.standardmedia.co.ke/images/articles/thumbnails/AMBY2JjP8k38UuZAaCCxTv2R2xxIJDUxZ4IKAhvL.jpg,2025-08-28T09:50:41Z,"This photo, taken on Aug. 26, 2025, shows a scene of a training workshop themed ""The Rise of Artificial Intelligence (AI) and Its Impact on Journalism"", in Nairobi, Kenya. [Xinhua]
A half-day traini… [+2354 chars]",Positive
"{'id': None, 'name': 'GlobeNewswire'}",Research and Markets,"Digital Biomarkers Global Markets Report 2025 | Rising Adoption of Mhealth Apps and Wearables, Growing Application in Neurodegenerative and Psychiatric Disorders, Increasing Role in Clinical Trials","The global digital biomarkers market is set to grow from $5 billion in 2025 to $18.8 billion by 2030, with a CAGR of 30.4%. This report analyzes trends, ESG developments, and emerging technologies. It offers insights on market size, drivers, challenges, and p…",https://www.globenewswire.com/news-release/2025/08/28/3140602/28124/en/Digital-Biomarkers-Global-Markets-Report-2025-Rising-Adoption-of-Mhealth-Apps-and-Wearables-Growing-Application-in-Neurodegenerative-and-Psychiatric-Disorders-Increasing-Role-in-Cl.html,https://ml.globenewswire.com/Resource/Download/908fb457-7f8e-4a08-9081-5565e3dfb3d7,2025-08-28T09:48:00Z,"Dublin, Aug. 28, 2025 (GLOBE NEWSWIRE) -- The ""Digital Biomarkers: Global Markets"" report has been added to ResearchAndMarkets.com's offering.
The global market for digital biomarkers is estimated t… [+6912 chars]",Neutral
"{'id': None, 'name': 'Onefootball.com'}",,Breaking news: Historic change in the Champions League,"Starting this season, the Champions League final will be played at 18:00 CET instead of 21:00.#UCLdraw pots for the league phase  pic.twitter.com/mmMny3Qh4r— UEFA Champions League (@ChampionsLea...",https://onefootball.com/en/news/breaking-news-historic-change-in-the-champions-league-41577815,https://photobooth-api.onefootball.com/api/screenshot/%2Fv2%2Fphotobooth%2Fcms%2Fen%2F41577815%3Fdate=2025-08-28,2025-08-28T09:44:00Z,"Starting this season, the Champions League final will be played at 18:00 CET instead of 21:00.
Today marks the first step towards the Champions League final, but this year will be historic for an un… [+433 chars]",Neutral
"{'id': None, 'name': 'Hurriyet Daily News'}",hurriyetdailynews.com,Nvidia's AI chip sales surged but tech bubble worries persist,"Nvidia’s sales of its artificial intelligence chipsets remained a hot commodity during the company's latest quarter, but the demand wasn't quite feverish enough to ease recent worries that the AI craze may be fading.",https://www.hurriyetdailynews.com/nvidias-ai-chip-sales-surged-but-tech-bubble-worries-persist-212994,https://image.hurimg.com/i/hurriyet/75/200x200/68b023a8536d3c558fbb3564.jpg,2025-08-28T09:38:50Z,"SAN FRANCISCO
Nvidias sales of its artificial intelligence chipsets remained a hot commodity during the company's latest quarter, but the demand wasn't quite feverish enough to ease recent worries t… [+3169 chars]",Neutral
"{'id': None, 'name': 'BusinessLine'}",Abhishek Law,"RailTel bets on hardware, AI and overseas forays as new growth pillars: Sanjai Kumar, CMD","RailTel Corporation is exploring ideas into hardware manufacturing and AI applications, even as it cautiously scouts international markets amid improving geopolitical ties for India.",https://www.thehindubusinessline.com/info-tech/railtel-bets-on-hardware-ai-and-overseas-forays-as-new-growth-pillars-sanjai-kumar-cmd/article69983938.ece,https://bl-i.thgim.com/public/incoming/elarl7/article69984053.ece/alternates/LANDSCAPE_1200/IMG_BL30_Sanjai_2_1_N2EMQ58U.jpg,2025-08-28T09:36:49Z,"State-run RailTel Corporation is exploring ideas for its next phase of growth by diversifying into hardware manufacturing and artificial intelligence (AI) applications, even as it cautiously scouts i… [+4353 chars]",Positive
"{'id': None, 'name': 'The BMJ'}","David Strain, Jonathan Gibb",The UK is rapidly losing medical academics and without them the NHS 10 year plan is at risk,"The upcoming NHS workforce plan is an opportunity to turn this shortage around, write David Strain and Jonathan Gibb 

In July 2025, the UK government launched two ambitious strategies with a shared vision: to transform the NHS into a digitally enabled, preve…",https://www.bmj.com/content/390/bmj.r1808,https://www.bmj.com/sites/default/files/highwire/bmj/390/8470.cover-source.jpg,2025-08-28T09:36:04Z,"<ol><li>David Strain, co-chair, </li><li>Jonathan Gibb, co-chair</li></ol><ol><li>BMA Medical Academic Staff Committee, London, UK
</li></ol><ol><li>DS is associate professor of cardiometabolic heal… [+6338 chars]",Neutral
"{'id': None, 'name': 'Hurriyet Daily News'}",hurriyetdailynews.com,Türkiye to deploy AI in oil and natural gas exploration,"Türkiye’s state-owned Turkish Petroleum Corporation (TPAO) and defense software firm Havelsan are jointly developing an artificial intelligence (AI) system to improve formation detection during drilling operations, aiming to boost efficiency and reduce costs …",https://www.hurriyetdailynews.com/turkiye-to-deploy-ai-in-oil-and-natural-gas-exploration-212990,https://image.hurimg.com/i/hurriyet/75/200x200/68b02220536d3c558fbb353c.jpg,2025-08-28T09:32:18Z,"ISTANBUL-Anadolu Agency
Türkiyes state-owned Turkish Petroleum Corporation (TPAO) and defense software firm Havelsan are jointly developing an artificial intelligence (AI) system to improve formatio… [+1581 chars]",Positive
"{'id': None, 'name': 'Naftemporiki.gr'}",Ελίζα Καραγιώργη,PPC Group participates in the European research project TWINVEST,"PPC Group is participating in the European research project TWINVEST, which aims to develop an open, secure and innovative Digital Twin for onshore wind farms, according to the announcement.
The…
PPC Group participates in the European research project TWINVES…",https://www.naftemporiki.gr/english/1998374/ppc-group-participates-in-the-european-research-project-twinvest/,https://www.naftemporiki.gr/wp-content/uploads/2025/06/dei_ape-1.jpg,2025-08-28T09:27:44Z,"PPC Group is participating in the European research project TWINVEST, which aims to develop an open, secure and innovative Digital Twin for onshore wind farms, according to the announcement.
The pro… [+2452 chars]",Neutral
"{'id': None, 'name': 'Biztoc.com'}",benzinga.com,Google Commits $9 Billion To Build AI Super Infrastructure In Virginia After Reportedly Inking $10 Billion Cloud Deal With Meta,"Alphabet Inc.'s (NASDAQ:GOOG) (NASDAQ:GOOGL) Google has deepened its artificial intelligence and cloud ambitions with a $9 billion investment in Virginia infrastructure by 2026, following reports of a $10 billion cloud services deal with Meta Platforms Inc. (…",https://biztoc.com/x/c6c0aa48b9000efa,https://biztoc.com/cdn/c6c0aa48b9000efa_s.webp,2025-08-28T09:25:36Z,"Alphabet Inc.'s (NASDAQ:GOOG) (NASDAQ:GOOGL) Google has deepened its artificial intelligence and cloud ambitions with a $9 billion investment in Virginia infrastructure by 2026, following reports of … [+146 chars]",Positive
"{'id': None, 'name': 'Globalsecurity.org'}",John Pike,Forging the Fight Together: Synchronizing Joint Operations in Bamboo Eagle 25-3,"Bamboo Eagle 25-3 pushed the boundaries of 21st-century mission command, leveraging the Distributed Mission Operations Center, or DMOC, to forge agile, resilient leaders. In a synthetic battlespace, the joint force rehearsed decentralized execution and empowe…",https://www.globalsecurity.org/military/library/news/2025/08/mil-250819-mcn01.htm,,2025-08-28T09:24:05Z,"US Marine Corps News
19 Aug 2025 | Deb Henley, 505th Command and Control Wing Public Affairs PEO Land Systems
KIRTLAND AIR FORCE BASE, N.M. -- Bamboo Eagle 25-3 pushed the boundaries of 21st-centur… [+8116 chars]",Neutral
"{'id': None, 'name': 'Globalsecurity.org'}",John Pike,"INDIAN ARMY TERRIER CYBER QUEST 2025: NATIONAL CYBER CHALLENGE FOCUSED ON EMERGING TECHNOLOGIES LIKE AI, ML, QUANTUM AND DRONE TECHNOLOGY","As part of the Decade of Transformation, the Indian Army's Territorial Army in collaboration with IIT Madras, Indian Army Research Cell (IARC) and CyberPeace, is conducting Indian Army Terrier Cyber Quest 2025 a national-level challenge designed to address re…",https://www.globalsecurity.org/wmd/library/news/india/2025/india-250827-india-pib02.htm,,2025-08-28T09:23:32Z,"India - Press Information Bureau
Ministry of Defence
Posted On: 27 AUG 2025 5:18PM by PIB Delhi
As part of the Decade of Transformation, the Indian Army's Territorial Army in collaboration with II… [+3137 chars]",Neutral
"{'id': None, 'name': 'Globalsecurity.org'}",John Pike,PM Narendra Modi receives a telephone call from President Alexander Stubb of Finland,Prime Minister Shri Narendra Modi received a phone call from the President of the Republic of Finland H.E. Alexander Stubb today.,https://www.globalsecurity.org/wmd/library/news/india/2025/india-250827-india-mea01.htm,,2025-08-28T09:23:32Z,"India - Ministry of External Affairs
August 27, 2025
Prime Minister Shri Narendra Modi received a phone call from the President of the Republic of Finland H.E. Alexander Stubb today.
2. President … [+1063 chars]",Neutral
"{'id': None, 'name': 'Globalsecurity.org'}",John Pike,Mastering existing tech & staying ready for new innovations & unforeseen challenges is key to effectively tackle complexities of modern-day warfare: Raksha Mantri at RAN SAMWAD,"Dubbing the fusion of technology and surprise as the main reason behind the growing complexity & unpredictably of modern-day warfare, Raksha Mantri Shri Rajnath Singh has emphasised the need to remain prepared for new innovations and unforeseen challenges whi…",https://www.globalsecurity.org/wmd/library/news/india/2025/india-250827-india-pib05.htm,,2025-08-28T09:23:32Z,"India - Press Information Bureau
Ministry of Defence
""Self-reliance is no longer just a slogan; it is the unbreakable foundation of our national security""
""National security is no longer a matter … [+11375 chars]",Positive
"{'id': None, 'name': 'ETF Daily News'}",MarketBeat News,Top Robotics Stocks To Consider – August 26th,"NVIDIA, Richtech Robotics, Teradyne, Zebra Technologies, EPAM Systems, TechnipFMC, and Ouster are the seven Robotics stocks to watch today, according to MarketBeat’s stock screener tool. Robotics stocks are shares of publicly traded companies that develop, ma…",https://www.etfdailynews.com/2025/08/28/top-robotics-stocks-to-consider-august-26th/,https://www.americanbankingnews.com/wp-content/timthumb/timthumb.php?src=https://www.marketbeat.com/logos/nvidia-co-logo-1200x675.jpg?v=20221020142916&w=240&h=240&zc=2,2025-08-28T09:21:02Z,"NVIDIA, Richtech Robotics, Teradyne, Zebra Technologies, EPAM Systems, TechnipFMC, and Ouster are the seven Robotics stocks to watch today, according to MarketBeat’s stock screener tool. Robotics sto… [+4785 chars]",Positive
"{'id': None, 'name': 'Globalsecurity.org'}",John Pike,"DOD Official Says AI, Other Innovations Will Transform Future Warfighting","In a conflict scenario, artificial intelligence can assist the warfighter in discerning what is happening in the environment and better understand the tactics the adversary might use, thereby improving decision-making, said Emil Michael, undersecretary of def…",https://www.globalsecurity.org/military/library/news/2025/08/mil-250827-dodnews01.htm,,2025-08-28T09:17:43Z,"August 27, 2025
By David Vergun, DOD News
In a conflict scenario, artificial intelligence can assist the warfighter in discerning what is happening in the environment and better understand the tact… [+2089 chars]",Negative
"{'id': None, 'name': 'Geeky Gadgets'}",Julian Horsey,100 Most Used AI Apps in 2025 : What’s Trending and What’s Not,"What if you could glimpse the future of technology through the apps you use every day? Imagine a world where your AI assistant not only manages your schedule but also crafts personalized stories for your kids, or where your favorite creative tool generates st…",https://www.geeky-gadgets.com/most-used-ai-apps-in-2025/,https://www.geeky-gadgets.com/wp-content/uploads/2025/08/top-100-ai-apps-2025_optimized.jpg,2025-08-28T09:15:35Z,What if you could glimpse the future of technology through the apps you use every day? Imagine a world where your AI assistant not only manages your schedule but also crafts personalized stories for … [+7765 chars],Positive
"{'id': None, 'name': 'WSB Atlanta'}",Teresa Cerojano,World shares are mixed after US stocks creep higher ahead of Nvidia earnings report,World shares are mixed after US stocks creep higher ahead of Nvidia earnings reportwsbtv.com,https://www.wsbtv.com/news/stocks-add-bit-their/5ZVH4ABCOJFQRMOUGVELBZHVYU/,https://cmg-cmg-tv-10010-prod.cdn.arcpublishing.com/resizer/v2/https%3A%2F%2Fcloudfront-us-east-1.images.arcpublishing.com%2Fcmg%2FYVUZFPUAEI4UCIV32WYDZKM4GU.jpg?auth=d3f161c9b55007b404b7482773a714edd4debe8e4a1e0ff1d323971b1cea5c26&width=1200&height=630&smart=true,2025-08-28T09:14:04Z,"Wall Street notched more milestones Thursday after gains in technology stocks helped push the market to another all-time high.
The S&amp;P 500 rose 0.3%, lifting the benchmark index to its second re… [+5037 chars]",Positive
"{'id': 'abc-news', 'name': 'ABC News'}",MATT O'BRIEN AP technology writer,Ditch the chatbots and take your AI nature apps on a birdwatching hike,AI-driven nature apps are changing how people engage with wildlife on their hikes,https://abcnews.go.com/Technology/wireStory/tech-tip-ditch-chatbots-ai-nature-apps-birdwatching-125049876,https://i.abcnewsfe.com/a/587d3c84-ebd7-460d-add5-c1009e9c83de/wirestory_4fc3fb92352c74715ed8c632775b7fe9_16x9.jpg?w=1600,2025-08-28T09:12:39Z,"I didn't notice the scarlet tanager until the alert appeared on my phone: Merlin heard a new bird!
Despite its brilliant plumage jet-black wings on a crimson body the songbird can be a hard one to s… [+4667 chars]",Neutral
"{'id': None, 'name': 'The Indian Express'}",IE Online,Industry 5.0 is the next big leap for India,"With greater emphasis on collaboration between humans and intelligent machines, workers need to be proficient in emerging technologies like artificial intelligence, robotics, data analytics, cybersecurity, and the Internet of Things",https://indianexpress.com/article/opinion/columns/industry-5-0-is-the-next-big-leap-for-india-10216047/,https://images.indianexpress.com/2025/08/manufacturing_20250828085406.jpg,2025-08-28T09:08:16Z,"The Modi government is undoubtedly taking all necessary measures to minimise the impact of US President Donald Trumps 50 per cent tariffs. However, the most effective way to address it in the long te… [+5159 chars]",Neutral
"{'id': None, 'name': 'Deadline'}",Stewart Clarke,Time To Rendez-Vous In Le Havre As French Programming Takes The Spotlight,"For buyers and sellers of French programming the Rendez-Vous market is a back-to-school moment after the summer break. Having relocated from Biarritz to the port city of Le Havre in Normandy, Northern France, it sees attendees spend several days together, wit…",http://deadline.com/2025/08/rendez-vous-le-havre-french-programming-market-unifrance-1236499661/,https://deadline.com/wp-content/uploads/2025/08/rendez_vous-Jeremy-Charbaut_Unifrance.jpg?w=1024,2025-08-28T09:08:15Z,"For buyers and sellers of French programming the Rendez-Vous market is a back-to-school moment after the summer break. Having relocated from Biarritz to the port city of Le Havre in Normandy, Norther… [+6398 chars]",Neutral
"{'id': None, 'name': 'ETF Daily News'}",MarketBeat News,"53,617 Shares in Fluence Energy, Inc. $FLNC Acquired by Quantbot Technologies LP","Quantbot Technologies LP purchased a new stake in Fluence Energy, Inc. (NASDAQ:FLNC – Free Report) in the first quarter, Holdings Channel.com reports. The institutional investor purchased 53,617 shares of the company’s stock, valued at approximately $260,000.…",https://www.etfdailynews.com/2025/08/28/53617-shares-in-fluence-energy-inc-flnc-acquired-by-quantbot-technologies-lp/,https://www.americanbankingnews.com/wp-content/timthumb/timthumb.php?src=https://www.marketbeat.com/logos/fluence-energy-inc-logo-1200x675.png?v=20211122082536&w=240&h=240&zc=2,2025-08-28T09:06:51Z,"Quantbot Technologies LP purchased a new stake in Fluence Energy, Inc. (NASDAQ:FLNC – Free Report) in the first quarter, Holdings Channel.com reports. The institutional investor purchased 53,617 shar… [+4375 chars]",Neutral
"{'id': 'financial-post', 'name': 'Financial Post'}",Bloomberg News,GLP Perpetuals Jump by Most in Two Years on Abu Dhabi Investment,Global logistics firm GLP Pte.’s dollar perpetual bonds surged by the most in over two years after it secured a $1.5 billion investment from the Abu Dhabi Investment Authority.,https://financialpost.com/pmn/business-pmn/glp-perpetuals-jump-by-most-in-two-years-on-abu-dhabi-investment,https://smartcdn.gprod.postmedia.digital/financialpost/wp-content/uploads/2025/08/glps-perpetual-bond-recovers-from-record-low.jpg,2025-08-28T09:04:59Z,"(Bloomberg) Global logistics firm GLP Pte.s dollar perpetual bonds surged by the most in over two years after it secured a $1.5 billion investment from the Abu Dhabi Investment Authority. 
THIS CONT… [+3763 chars]",Positive
"{'id': None, 'name': 'Biztoc.com'}",cbsnews.com,New study sheds light on what kinds of workers are losing jobs to AI,Stanford University research offers insights for students and young workers as artificial intelligence begins to reshape the labor market.,https://biztoc.com/x/efb44eb8ad4229a8,https://biztoc.com/cdn/950/og.png,2025-08-28T09:03:12Z,"Stanford University research offers insights for students and young workers as artificial intelligence begins to reshape the labor market.
This story appeared on cbsnews.com, 2025-08-28 09:00:11.",Positive
