source,author,title,description,url,urlToImage,publishedAt,content
"{'id': None, 'name': 'MacRumors'}",Tim Hardwick,AirPods Pro 3: Four Key Design Changes Anticipated - MacRumors,"Apple hasn't updated the AirPods Pro since 2022 other than a shift from Lightning to USB-C, and the earbuds are due for a refresh. According to...",https://www.macrumors.com/2025/08/26/airpods-pro-3-three-key-design-changes-anticipated/,https://images.macrumors.com/t/vQBlho3zkm0-pK5uiSdxT4b2COA=/2500x/article-new/2024/09/airpods-pro-2-gradient.jpg,2025-08-26T11:05:17Z,"Apple hasn't updated the AirPods Pro since 2022 other than a shift from Lightning to USB-C, and the earbuds are due for a refresh. According to Bloomberg's Mark Gurman, Apple will launch AirPods Pro … [+3091 chars]"
"{'id': None, 'name': 'Wccftech'}",,NVIDIA Delivers The Promise of Neural Rendering & Gaming With Blackwell RTX: Demos RTX PRO 6000 Running 4 Instances of Cyberpunk 2077 Using MIG - Wccftech,NVIDIA has again highlighted the neural rendering & gaming innovations it delivered with Blackwell RTX GPUs such as RTX 5090 & RTX PRO 6000.,https://wccftech.com/nvidia-delivers-promise-of-neural-rendering-gaming-with-blackwell-rtx-demos-rtx-pro-6000-running-4-instances-of-cyberpunk-2077/,https://cdn.wccftech.com/wp-content/uploads/2025/01/NVIDIA-Blackwell-GeForce-RTX-50-GPUs-GDDR7-Memory-728x371.png,2025-08-26T09:25:00Z,"NVIDIA has once again highlighted the neural rendering &amp; gaming innovations it delivered with Blackwell RTX GPUs such as RTX 5090 &amp; RTX PRO 6000.
NVIDIA's Blackwell RTX was introduced in Jan… [+4901 chars]"
"{'id': None, 'name': 'Eurogamer.net'}",Ed Nightingale,"Demonschool delayed due to Hollow Knight Silksong release, ""the GTA of indie games"" - Eurogamer","Demonschool, the forthcoming RPG Eurogamer described as ""Persona meets Buffy"", has been delayed once again due to the s…",https://www.eurogamer.net/demonschool-delayed-due-to-hollow-knight-silksong-release-the-gta-of-indie-games,https://assetsio.gnwcdn.com/Demonschool-release-date-trailer-0-31-screenshot.png?width=1200&height=630&fit=crop&enable=upscale&auto=webp,2025-08-26T09:15:08Z,"Demonschool, the forthcoming RPG Eurogamer described as ""Persona meets Buffy"", has been delayed once again due to the surprise release of Hollow Knight Silksong.
The game was originally intended for… [+2273 chars]"
"{'id': 'ign', 'name': 'IGN'}",Tom Phillips,"Nintendo Direct Reportedly Set for September, as Metroid Prime 4 Release Date and Mario 40th Anniversary Speculation Mounts - IGN","A fresh Nintendo Direct broadcast will air in September, according to a new report.",https://www.ign.com/articles/nintendo-direct-reportedly-set-for-september-as-metroid-prime-4-release-date-and-mario-40th-anniversary-speculation-mounts,https://assets-prd.ignimgs.com/2024/03/10/mariodatythumb-1710077353881.png?width=1280&format=jpg&auto=webp&quality=80,2025-08-26T09:01:12Z,"A fresh Nintendo Direct broadcast will air in September, according to a new report.
Speculation around the next major Nintendo Direct date has been rife following a series of other presentations ove… [+2394 chars]"
"{'id': None, 'name': 'Internet'}",The Hacker News,Google to Verify All Android Developers in 4 Countries to Block Malicious Apps - The Hacker News,Google will verify all Android developers by September 2026 in select countries to curb malicious apps.,https://thehackernews.com/2025/08/google-to-verify-all-android-developers.html,https://blogger.googleusercontent.com/img/b/R29vZ2xl/AVvXsEjOamSW4uN3Qiu7IsNS2F304qYQG1ffstSSRQBTVJByHgfZ81IBFQOS8COrSefbfVqGmh9AIp9C6mmPEIwUMzgw26mQcGawj14vSVvdACSRF895qsTvt7I8l5a406Lo60XiSYl_CUyyjJzHC_03DxLdm8Xsbw_99v04oPUB5sVsbsJxjWAzdbKRqSgNcky4/s728-rw-e365/google-android-dev.jpg,2025-08-26T06:27:00Z,"Google has announced plans to begin verifying the identity of all developers who distribute apps on Android, even for those who distribute their software outside the Play Store.
""Android will requir… [+2579 chars]"
"{'id': None, 'name': 'Nintendo Life'}",Liam Doolan,Nintendo Music Update Adds More Songs To Kirby And The Forgotten Land Playlist - Nintendo Life,The Switch 2 Edition arrives this week,https://www.nintendolife.com/news/2025/08/nintendo-music-update-adds-more-songs-to-kirby-and-the-forgotten-land-playlist,https://images.nintendolife.com/5147e8fdbb2db/large.jpg,2025-08-26T03:30:00Z,"Image: Nintendo
In March of this year, the Nintendo Music app received an update adding songs from the Switch title Kirby and the Forgotten Land.
At the time, Nintendo mentioned how the rest of thi… [+716 chars]"
"{'id': None, 'name': 'Buffalo Rumblings'}",Sara Larson,What do NFL practice squad rules say about Buffalo Bills’ 2025 roster? - Buffalo Rumblings,Explaining NFL practice squad rules ahead of 53-man roster cutdowns.,https://www.buffalorumblings.com/buffalo-bills-roster/114203/what-do-nfl-practice-squad-rules-say-about-buffalo-bills-2025-roster,https://platform.buffalorumblings.com/wp-content/uploads/sites/51/2025/08/gettyimages-2231721907.jpg?quality=90&strip=all&crop=0%2C6.3012603289855%2C100%2C78.549403116767&w=1200,2025-08-26T02:30:00Z,"The Buffalo Bills are in the process of trimming their roster to 53 players ahead of the NFL deadline. Teams must be at or under 53 players by 4 p.m. EDT on Tuesday, August 26, 2025.
But that doesnt… [+4418 chars]"
"{'id': None, 'name': 'Android Police'}",Timi Cantisano,Google Photos gets a sleek new interface with easier access to important metadata - Android Police,A small but impactful change,https://www.androidpolice.com/google-photo-photo-view-update/,https://static1.anpoimages.com/wordpress/wp-content/uploads/wm/2025/02/searching-in-google-photos-5.jpg,2025-08-26T02:15:00Z,"Over the past year, we've seen new additions come to Google Photos, adding lots of value to the simple image viewer app. Google has also introduced some fun perks as well, like being able to leave em… [+1675 chars]"
"{'id': None, 'name': 'Daringfireball.net'}",,MacOS 26 Tahoe’s Dead Canary Utility App Icons - Daring Fireball,"These are the not the work of carpenters who care about the backs of the cabinets they’re building. These icons are so bad, they look like the work of untrained “How hard can it be?” dilettante carpenters who only last a few days on the job before sawing off …",https://daringfireball.net/2025/08/macos_26_tahoes_dead_canary_utility_app_icons,https://daringfireball.net/graphics/df-wide-card.png,2025-08-26T00:04:51Z,MacOS has shipped with a collection of utility apps since the prehistoric era of classic Mac OS. A good rule of thumb what makes an app a utility is that its a tool for doing something about your com… [+4957 chars]
"{'id': None, 'name': 'PhoneArena'}",Abdullah Asim,The colorful array of iPhone 17’s new Liquid Glass inspired cases has leaked with images - PhoneArena,These are all of the colors that you will be able to get a phone case for your iPhone 17 in.,https://www.phonearena.com/news/colorful-array-of-iphone-17-new-liquid-glass-inspired-cases-leaked-images_id173545,https://m-cdn.phonearena.com/images/article/173545-wide-two_1200/The-colorful-array-of-iPhone-17s-new-Liquid-Glass-inspired-cases-has-leaked-with-images.jpg,2025-08-25T23:26:12Z,"All color options for the new Liquid Silicone cases for the entire iPhone 17 lineup. | Image credit Majin Bu
Interestingly, the source of this leak was also able to provide details about other color… [+1326 chars]"
"{'id': None, 'name': 'Samsung.com'}",,[Interview] ‘When Foldables Meet AI’ — Behind the Scenes of One UI 8’s Development - Samsung Global Newsroom,"Launched last month alongside Galaxy Z Fold7 and Z Flip7, One UI 8 delivers an entirely new mobile experience born from the synergy of foldable design and AI.",https://news.samsung.com/global/interview-when-foldables-meet-ai-behind-the-scenes-of-one-ui-8s-development,https://img.global.news.samsung.com/global/wp-content/uploads/2025/08/Samsung-Mobile-One-UI-8-Interview-When-Foldables-Meet-AI-Development-Google_thumb728.jpg,2025-08-25T23:02:16Z,"Launched last month alongside Galaxy Z Fold7 and Z Flip7, One UI 8 delivers an entirely new mobile experience born from the synergy of foldable design and AI. Notably, this release marks the first ti… [+8930 chars]"
"{'id': None, 'name': 'GameSpot'}",Billy Givens,All Characters In Sonic Racing: CrossWorlds Announced So Far - GameSpot,Here's everyone you can race with in Sonic Racing: CrossWorlds.,https://www.gamespot.com/gallery/all-characters-in-sonic-racing-crossworlds/2900-6920/,https://www.gamespot.com/a/uploads/screen_kubrick/679/6794662/4555972-screenshot2025-08-25142637.png,2025-08-25T22:30:48Z,GameSpot may receive revenue from affiliate and advertising partnerships for sharing this content and from purchases through links.
"{'id': None, 'name': 'pymnts.com'}",PYMNTS,Meta to Debut Smart Glasses at September’s ‘Connect’ Event - PYMNTS.com,"Meta reportedly plans to introduce its new smart glasses at next month’s “Connect” conference. Those glasses, Meta’s first to feature a consumer-ready",http://www.pymnts.com/meta/2025/meta-to-debut-smart-glasses-at-septembers-connect-event/,https://www.pymnts.com/wp-content/uploads/2024/09/Meta-Orion-AR-glasses-connected-economy.png,2025-08-25T22:15:53Z,"Meta reportedly plans to introduce its new smart glasses at next months Connect conference.Those glasses, Metas first to feature a consumer-ready display, will be announced at the annual conference a… [+2226 chars]"
"{'id': 'hacker-news', 'name': 'Hacker News'}",,Ask HN: Why hasn't x86 caught up with Apple M series? - Hacker News,,https://news.ycombinator.com/item?id\\u003d45019483,,2025-08-25T22:10:04Z,
"{'id': None, 'name': 'CNET'}",See full bio,Details About the First iPhone Foldable Are Coming Into Focus - CNET,"The first models will reportedly be black and white, with five cameras and less of a visible crease.",https://www.cnet.com/tech/mobile/details-about-the-first-iphone-foldable-are-coming-into-focus/,https://www.cnet.com/a/img/resize/448f6594940ee0c727e5aed6241708ebc6522707/hub/2025/08/25/363d9eec-34c2-4dc4-92a2-bd12bbc402ab/apple-logo-gettyimages-1705316992.jpg?auto=webp&fit=crop&height=675&width=1200,2025-08-25T22:05:00Z,"We keep collecting more details about what Apple's first foldable iPhone will look like when it launches in 2026. The latest information is pretty intriguing. 
As reported by Bloomberg's Mark Gurman… [+2908 chars]"
"{'id': None, 'name': '9to5Mac'}",Marcus Mendes,Apple study shows LLMs also benefit from the oldest productivity trick in the book - 9to5Mac,An open-source LLM saw big performance improvements after being told by Apple researchers to check its own work by using one simple productivity trick.,https://9to5mac.com/2025/08/25/apple-study-shows-llms-also-benefit-from-the-oldest-productivity-trick-in-the-book/,https://i0.wp.com/9to5mac.com/wp-content/uploads/sites/6/2024/06/reminders-logo-ios18.jpg?resize=1200%2C628&quality=82&strip=all&ssl=1,2025-08-25T21:53:00Z,"In a new study co-authored by Apple researchers, an open-source large language model (LLM) saw big performance improvements after being told to check its own work by using one simple productivity tri… [+4700 chars]"
"{'id': None, 'name': 'MacRumors'}",Juli Clover,Apple Releases Fifth Public Betas of iOS 26 and More - MacRumors,"Apple today released the fifth public betas of iOS 26, iPadOS 26, macOS 26, and tvOS 26, allowing the public to test the updates ahead of their...",https://www.macrumors.com/2025/08/25/apple-releases-ios-26-public-beta-5/,https://images.macrumors.com/t/GVM2QXE_-GG8eztsaKv7N6YlFYc=/2000x/article-new/2025/08/ios-26-liquid-glass-lock-screen-beta-6.jpg,2025-08-25T21:52:51Z,"Apple today released the fifth public betas of iOS 26, iPadOS 26, macOS 26, and tvOS 26, allowing the public to test the updates ahead of their September launch. The fifth public betas come a week af… [+2444 chars]"
"{'id': None, 'name': 'BleepingComputer'}",Bill Toulas,New AI attack hides data-theft prompts in downscaled images - BleepingComputer,Researchers have developed a novel attack that steals user data by injecting malicious prompts in images processed by AI systems before delivering them to a large language model.,https://www.bleepingcomputer.com/news/security/new-ai-attack-hides-data-theft-prompts-in-downscaled-images/,https://www.bleepstatic.com/content/hl-images/2022/05/12/evil-hacker-ai.jpg,2025-08-25T21:34:57Z,"Researchers have developed a novel attack that steals user data by injecting malicious prompts in images processed by AI systems before delivering them to a large language model.
The method relies o… [+3334 chars]"
"{'id': None, 'name': ""Investor's Business Daily""}","PATRICK SEITZ, Investor's Business Daily",Why Apple Stock Could Sell Off After iPhone 17 Reveal - Investor's Business Daily,"Apple stock could sell off after the company announces its iPhone 17 series smartphones next month, a Wall Street analyst said Monday.",https://www.investors.com/news/technology/apple-stock-could-sell-off-on-iphone-17-reveal-analyst-says/,https://www.investors.com/wp-content/uploads/2025/08/Stock-Apple-Umeda-company.jpg,2025-08-25T20:21:00Z,"Apple (AAPL) stock could sell off after the company finally announces its iPhone 17 series smartphones next month, a Wall Street analyst said Monday.
BofA Securities analyst Wamsi Mohan said expecta… [+2718 chars]"
"{'id': None, 'name': 'Windows Central'}",Jez Corden,We played Xbox Ally months early — and it’s already roasting the Steam Deck - Windows Central,Why Xbox Ally could be the handheld that finally makes Windows gaming work.,https://www.windowscentral.com/hardware/handheld-gaming-pc/hands-on-with-the-xbox-ally-gamescom-2025,https://cdn.mos.cms.futurecdn.net/4RzkRKBnDtFtq2oCGHCUiU.png,2025-08-25T19:03:00Z,"Gamescom 2025 has been and gone, and Microsoft was out in Cologne in force to showcase the first piece of its next-gen hardware puzzle.
The Xbox Ally was revealed a few months ago, following an excl… [+11863 chars]"
"{'id': 'the-verge', 'name': 'The Verge'}",Emma Roth,Google Nest Camera and Doorbell leak shows off new colors and 2K video recording - The Verge,"Google Home is getting ready for 2K video and AI-powered capabilities in updated Nest Cams and Video Doorbells, according to Android Headlines.",https://www.theverge.com/news/765373/google-home-nest-cam-doorbell-2k-video-leak-gemini,https://platform.theverge.com/wp-content/uploads/sites/2/2025/08/nest-leak.png?quality=90&strip=all&crop=0%2C20.549738219895%2C100%2C58.900523560209&w=1200,2025-08-25T18:54:18Z,"<ul><li></li><li></li><li></li></ul>
The new Nest Doorbell may add AI-powered Daily Summaries that recap your recordings.
The new Nest Doorbell may add AI-powered Daily Summaries that recap your re… [+3024 chars]"
"{'id': None, 'name': 'Seeking Alpha'}",Tech Stock Pros,Alphabet's Gemini Is Apple's Saving Grace: Who's The Bigger Winner? (NASDAQ:GOOGL) - Seeking Alpha,"Discover how Alphabet Inc. and Apple Inc.'s AI collaboration, Gemini in Siri, drives innovation and boosts competitive edge. Click for more on AAPL and GOOGL stock.",https://seekingalpha.com/article/4816553-alphabet-gemini-apples-saving-grace-whos-the-bigger-winner,https://static.seekingalpha.com/cdn/s3/uploads/getty_images/1654535342/image_1654535342.jpg?io=getty-c-w1536,2025-08-25T18:30:56Z,"Analysts Disclosure:I/we have no stock, option or similar derivative position in any of the companies mentioned, and no plans to initiate any such positions within the next 72 hours. I wrote this art… [+770 chars]"
"{'id': None, 'name': 'GameSpot'}",Blair Marnell,"Concord's Failure Led To Increased Oversight, Says Sony Exec - GameSpot",Sony's Hermen Hulst argues that Concord's dismal reception proves that games need to be tested more frequently in development.,https://www.gamespot.com/articles/concords-failure-led-to-increased-oversight-says-sony-exec/1100-6534243/,https://www.gamespot.com/a/uploads/screen_kubrick/1837/18375603/4555955-concord2.jpg,2025-08-25T18:19:03Z,"In 2024, Sony shut down its live-service shooter Concord after only two weeks, as it became one the publisher's most prominent failures. According to Sony Interactive Entertainment chief executive of… [+1496 chars]"
"{'id': 'techcrunch', 'name': 'TechCrunch'}",Lauren Forristal,NotebookLM’s Video Overview feature now supports 80 languages - TechCrunch,"NotebookLM’s Video Overviews now supports 80 languages, including French and Spanish.",https://techcrunch.com/2025/08/25/notebooklms-video-overview-feature-now-supports-80-languages/,"https://techcrunch.com/wp-content/uploads/2025/07/notebooklm-video-overviews.png?resize=1200,574",2025-08-25T18:17:57Z,"Google announced on Monday that it updated NotebookLMs Video Overviews feature to support 80 languages, including French, German, Spanish, and Japanese. The company also upgraded Audio Overviews, enh… [+965 chars]"
"{'id': 'ars-technica', 'name': 'Ars Technica'}",Ryan Whitwam,YouTube secretly tested AI video enhancement without notifying creators - Ars Technica,"Google says this isn’t technically “GenAI,” but it is altering videos without warning.",https://arstechnica.com/google/2025/08/youtube-secretly-tested-ai-video-enhancement-without-notifying-creators/,https://cdn.arstechnica.net/wp-content/uploads/2024/10/youtube-logo-1152x648-1740156964.jpg,2025-08-25T18:16:43Z,
"{'id': None, 'name': 'PCGamesN'}",Niall Walsh,"Gaming handheld prices are out of control, except for the Steam Deck - PCGamesN","Can you really be expected to pay over $1,000 for a handheld gaming PC when Valve's handheld can be yours for as little as $399 brand new?",https://www.pcgamesn.com/steam-deck/handheld-prices-feature,https://www.pcgamesn.com/wp-content/sites/pcgamesn/2025/08/steam-deck-price-feature.jpg,2025-08-25T18:15:12Z,"As an Amazon Associate, we earn from qualifying purchases and other affiliate schemes. Learn more.
Can you really be expected to pay over $1,000 for a handheld gaming PC when Valve's handheld can be… [+6092 chars]"
"{'id': None, 'name': '9to5google.com'}",Ben Schoon,Samsung rolling out One UI with Now Brief and 7 years of updates to appliances soon - 9to5Google,"Starting in September, Samsung will be rolling out new software updates to its various appliances which includes One UI unification...",http://9to5google.com/2025/08/25/samsung-rolling-out-one-ui-with-now-brief-and-7-years-of-updates-to-appliances-soon/,https://i0.wp.com/9to5google.com/wp-content/uploads/sites/4/2025/08/samsung-one-ui-appliances-1.jpg?resize=1200%2C628&quality=82&strip=all&ssl=1,2025-08-25T18:15:00Z,"Starting in September, Samsung will be rolling out new software updates to its various appliances which includes One UI unification and new features such as Now Brief.
One UI was originally just for… [+2040 chars]"
"{'id': None, 'name': 'PhoneArena'}",Ilia Temelkov,Samsung is back to mocking Apple and you’re going to love its latest trolling ad - PhoneArena,Samsung has a foldable and is ready to remind everybody that Apple doesn’t offer one.,https://www.phonearena.com/news/samsung-is-back-to-mocking-apple-and-youre-going-to-love-its-latest-trolling-ad_id173537,https://m-cdn.phonearena.com/images/article/173537-wide-two_1200/Samsung-is-back-to-mocking-Apple-and-youre-going-to-love-its-latest-trolling-ad.jpg,2025-08-25T17:35:03Z,"In the context of AI, Apple has been giving many opportunities for such ads. The company announced Apple Intelligence along with the iPhone 16, but it is still struggling to catch up with Samsung and… [+501 chars]"
"{'id': None, 'name': 'Gamedeveloper.com'}",,Report: Nintendo may be withholding Switch 2 dev kits - Game Developer,Anonymous developers say Nintendo has told them to release games for the Switch 1 instead of giving them Switch 2 development kits.,https://www.gamedeveloper.com/console/report-nintendo-is-reportedly-withholding-switch-2-dev-kits-directing-devs-to-rely-on-backwards-compatibility,https://eu-images.contentstack.com/v3/assets/blt740a130ae3c5d529/blt15f3f053b4163abf/67ed45bc190cb7210c698120/Switch_2_Header.png?disable=upscale&width=1200&height=630&fit=crop,2025-08-25T17:34:19Z,"Developers large and small are reportedly having a hard time getting their hands on development kits for the Nintendo Switch 2. That news comes from the newly-independent Digital Foundry, which discu… [+1691 chars]"
"{'id': 'mashable', 'name': 'Mashable'}",Tim Marcin,'Was 1995 30 years ago?' Google's AI overviews is having issues with a simple question - Mashable,AI is struggling with simple math.,https://mashable.com/article/google-ai-1995-30-years-ago,https://helios-i.mashable.com/imagery/articles/06SViBzVxhrAfDu6s58f8tE/hero-image.fill.size_1200x675.v1756140529.jpg,2025-08-25T17:17:22Z,
"{'id': None, 'name': 'Pokemon GO Hub'}",Zeroghan,"Pokémon GO Level 80 and New Leveling Experience Arrives October 15, 2025 - Pokémon GO Hub","Pokémon GO’s leveling system is about to change in a massive way. Starting Wednesday, October 15, 2025, the game will raise the level cap from 50 to 80, alongside a full rebalance of how Trainers progress through the game. This update is designed to make leve…",https://pokemongohub.net/post/news/pokemon-go-level-80/,https://pokemongohub.net/wp-content/uploads/2025/08/pokemon-go-level-80-v2.jpg,2025-08-25T17:11:05Z,"Pokémon GOs leveling system is about to change in a massive way. Starting Wednesday, October 15, 2025, the game will raise the level cap from 50 to 80, alongside a full rebalance of how Trainers prog… [+5447 chars]"
"{'id': None, 'name': 'Aftermath.site'}",,Overwatch 2 Developers Say They’re Leaning Into What Works - aftermath.site,"'We are trying to take bigger swings, bigger risks, and bring more change to the game faster than we did in the past.'",https://aftermath.site/overwatch-2-interview-pvp,https://lede-admin.aftermath.site/wp-content/uploads/sites/55/2025/08/ovw2.jpg,2025-08-25T17:02:00Z,"The state of Overwatch2 in the three-ish years since its release could be mapped onto the were so back, its so over meme chart. Peaks and valleys, false starts and lost features, and waxing and wanin… [+9091 chars]"
"{'id': None, 'name': 'MassLive.com'}",Liesel Nygard,Popular streaming service hikes subscriber price again worldwide - MassLive,The new price will be charged to subscribers 30 days after their next renewal date. For new subscribers it will take effect after the seven-day trial period.,https://www.masslive.com/news/2025/08/popular-streaming-service-hikes-subscriber-price-again-worldwide.html,https://www.masslive.com/resizer/v2/Q3HRI32TXFD4NHTXOJXXCEX3FA.jpg?auth=d3567662cdf79bf09059083ec39d8cc7bb8ec8d95eb1bf587b9b74c7b4bbb16e&width=1280&quality=90,2025-08-25T17:00:00Z,"A top streaming service known across the globe has increased its monthly subscriber costs again. 
Apple is following its competitors by increasing its pricing for Apple TV+ to $12.99 a month, which … [+1253 chars]"
"{'id': 'ign', 'name': 'IGN'}",Tom Marks,How One Magic: The Gathering Designer Broke All the Rules and Created a Sensation - IGN,Magic's most popular live event puts its players in the shoes of a playtester.,https://www.ign.com/articles/magic-the-gathering-unknown-event-magiccon-live-show,https://assets-prd.ignimgs.com/2025/08/23/blogroll-3-1755907407187.jpg?width=1280&format=jpg&auto=webp&quality=80,2025-08-25T16:55:03Z,"Making a Magic: The Gathering card is a long process. To go from an idea to an actual piece of paper in a players hand takes years, with each one being discussed, tweaked, tested, proofread, illustra… [+15293 chars]"
"{'id': None, 'name': 'ExtremeTech'}",Devesh Beri,Up to 2.5 Billion Users Impacted by Google Database Hack - extremetech.com,"Google insists the compromised database contained 'basic and mostly publicly available business information,' like business names and contact information.",https://www.extremetech.com/internet/up-to-25-billion-users-impacted-by-google-database-hack,https://i.extremetech.com/imagery/content-types/04dwLVls0lcOSx0F313L87J/hero-image.fill.size_1200x675.png,2025-08-25T16:15:52Z,"Google has confirmed that one of its databases was hacked, compromising up to 2.5 billion users' data. The breach affected a Salesforce account that stored contact details and notes for small and med… [+1156 chars]"
"{'id': None, 'name': 'GameSpot'}",Eddie Makuch,Gears Of War: Reloaded Launch Times Revealed For Franchise's Debut On PS5 - GameSpot,"The Gears series began as an Xbox-exclusive. 19 years later, it's coming to PlayStation.",https://www.gamespot.com/articles/gears-of-war-reloaded-launch-times-revealed-for-franchises-debut-on-ps5/1100-6534232/,https://www.gamespot.com/a/uploads/screen_kubrick/1179/11799911/4555906-reloadedlarge.jpeg,2025-08-25T16:02:51Z,"Gears of War: Reloaded launches on August 26, marking the first time the popular shooter series is coming to Sony's PlayStation console. It's a big, notable launch, and if you're interested in playin… [+1859 chars]"
"{'id': 'ign', 'name': 'IGN'}",Matt Purslow,John Carpenter's Toxic Commando Puts an '80s Horror Spin on Left 4 Dead - IGN,"John Carpenter's Toxic Commando takes the four-player co-op zombie shooter formula in a more open, sludge-covered direction.",https://www.ign.com/articles/john-carpenters-toxic-commando-puts-an-80s-horror-spin-on-left-4-dead,https://assets-prd.ignimgs.com/2025/08/24/toxic-commando-blog-1756029256040.jpg?width=1280&format=jpg&auto=webp&quality=80,2025-08-25T16:02:35Z,"Considering it was revealed to the world with a trailer that featured four zombie-blasting soldiers singing along to Bon Jovis You Give Love a Bad Name, I expected John Carpenters Toxic Commando to b… [+8291 chars]"
"{'id': None, 'name': 'Push Square'}",Liam Croft,"Capcom's Going All-In on TGS, Games and Showcase Announced - Push Square","8 games on show, livestream confirmed",https://www.pushsquare.com/news/2025/08/capcoms-going-all-in-on-tgs-games-and-showcase-announced,https://images.pushsquare.com/f458a6cbffdc8/large.jpg,2025-08-25T15:00:00Z,"Capcom has announced that it's taking eight games to Tokyo Game Show next month, and will put on a special Capcom Online Program livestream to go with them. The following titles will be playable on t… [+1049 chars]"
"{'id': None, 'name': 'Pinkbike.com'}",Dario DiGiulio,"Review: 2025 Knolly Warden - Pushing the Limits of Long, Low, & Slack - Pinkbike","The Warden's suspension is extremely composed, but the geometry isn't ideal in all scenarios.",https://www.pinkbike.com/news/review-knolly-warden-2025.html,https://ep1.pinkbike.org/p4pb28514328/p4pb28514328.jpg,2025-08-25T15:00:00Z,"DescendingThe mountain bike world is full of unique and purpose-built creations, and the Warden strikes me as one of the more niche. The geometry of the bike is unusual and challenging in many situat… [+3061 chars]"
"{'id': None, 'name': 'Pure Xbox'}",Ben Kerry,Two Huge Games Are Available This Week With Xbox Game Pass (August 26-28) - Pure Xbox,Ready for a big week on XGP?,https://www.purexbox.com/news/2025/08/two-huge-games-are-available-this-week-with-xbox-game-pass-august-26-28,https://images.purexbox.com/d07b4016f6be1/large.jpg,2025-08-25T14:53:50Z,"Welcome to your latest Xbox Game Pass roundup! Today, we're gathering up this week's upcoming Game Pass arrivals - with the end of August 2025 delivering two absolutely massive titles into the librar… [+1162 chars]"
"{'id': None, 'name': 'Parents.com'}","Sherri Gordon, CLC",Teens Who Practice 'Fawning' Aren't Just Being Polite—Why Parents Should Intervene - yahoo.com,"If your child is easygoing and never rocks the boat, it could be that they are engaging in fawning—a form of people-pleasing that could make them more...",https://www.parents.com/teens-who-practice-fawning-arent-just-being-polite-why-parents-should-intervene-11794981,https://s.yimg.com/ny/api/res/1.2/.G3BVGWnEKhsXqtp891t7g--/YXBwaWQ9aGlnaGxhbmRlcjt3PTEyMDA7aD04MTA7Y2Y9d2VicA--/https://media.zenfs.com/en/parents_articles_5/2a0c56cb9f800a1cc9c807670fe14172,2025-08-25T14:43:08Z,"Fact checked by Sarah Scott
Parents/Getty Images
Key Takeaways
<ul><li>Fawning could easily be mistaken for an easy-going and polite demeanor, but teens who exhibit these types of behaviors often … [+9657 chars]"
"{'id': None, 'name': 'Windows Central'}",Jez Corden,How WoW’s next expansion is reshaping player identity - Windows Central,"After 20 years, Azeroth is finally letting you put down roots — from housing to Haranir, WoW is embracing player expression in its latest Midnight expansion.",https://www.windowscentral.com/gaming/world-of-warcraft-leads-talk-to-us-player-housing-horde-vs-alliance-future-classes-and-specs-player-identity-and-more,https://cdn.mos.cms.futurecdn.net/UnGhQgFTNfDxeEFiNVx66W.png,2025-08-25T14:34:17Z,"World of Warcraft is now two decades old and has remained at the apex of its genre right from its launch.
The video game industry has changed in weird and (not-always) wonderful ways, but despite ev… [+17090 chars]"
"{'id': None, 'name': 'NASCAR'}",,"Radioactive: Drivers, crew wade through race-shaping ‘Big One’ at Daytona - NASCAR.com",Listen as drivers and crew members react in real time to the big wreck that occurred in the regular-season finale at Daytona.,https://www.nascar.com/videos/franchise/all-videos/radioactive-drivers-crew-wade-through-race-shaping-big-one-at-daytona/,https://www.nascar.com/wp-content/uploads/sites/7/2025/08/25/Radioactive_Daytona.jpg,2025-08-25T14:27:51Z,
"{'id': None, 'name': '9to5Mac'}",Ryan Christoffel,"iPhone 17 Pro might gain unique new battery advantage, per rumor - 9to5Mac","iPhone 17 Pro and Pro Max will have great battery life, but a unique reverse wireless charging feature could give them another advantage.",https://9to5mac.com/2025/08/25/iphone-17-pro-might-gain-unique-new-battery-advantage-per-rumor/,https://i0.wp.com/9to5mac.com/wp-content/uploads/sites/6/2025/08/ios-26-battery.jpg?resize=1200%2C628&quality=82&strip=all&ssl=1,2025-08-25T14:26:00Z,"Apples big iPhone unveiling is only weeks away, with the iPhone 17 Pro models and brand new iPhone 17 Air competing for buyers upgrades. A new rumor indicates the iPhone 17 Pro line might gain a uniq… [+2095 chars]"
"{'id': None, 'name': 'Gematsu'}",Sal Romano,REPLACED delayed to spring 2026 - Gematsu,"Science-fiction retro-futuristic action platformer REPLACED will launch for Xbox Series and PC via Steam and Epic Games Store in spring 2026, a delay from its previously planned 2025 release window…",https://www.gematsu.com/2025/08/replaced-delayed-to-spring-2026,https://www.gematsu.com/wp-content/uploads/2025/08/REPLACED-Date_08-25-25.jpg,2025-08-25T14:15:46Z,"Science-fiction retro-futuristic actionplatformerREPLACED will launch for Xbox Series and PC via Steam and Epic Games Store in spring 2026, a delay from its previously planned 2025 release window, pu… [+1762 chars]"
"{'id': None, 'name': 'ZDNet'}",Chris Bayer,Your TV's USB port has 5 hidden superpowers: Here's how I take advantage of mine - ZDNET,"The USB port may be aging, but it's still incredibly versatile - offering more functions than you might think. Here are some standout examples.",https://www.zdnet.com/home-and-office/home-entertainment/your-tvs-usb-port-has-5-hidden-superpowers-heres-how-i-take-advantage-of-mine/,https://www.zdnet.com/a/img/resize/cd6dd8e08827b44219d74ebfd36cca56fa655370/2025/08/25/5b1ea486-9a28-41ac-a96c-aebf7fa2a448/dsc07026.jpg?auto=webp&fit=crop&height=675&width=1200,2025-08-25T13:56:00Z,"Kerry Wan/ZDNET
Follow ZDNET: Add us as a preferred source on Google.
After the initial setup, most people rarely engage directly with their smart TV. With wireless connectivity, phone apps, and re… [+5588 chars]"
"{'id': None, 'name': 'Android Authority'}",,Android phone cameras are in for a crazy upgrade - Android Authority,"Android phone companies are exploring ways to enhance cameras, including add-ons like magnetically attaching external lenses.",https://www.androidauthority.com/android-phone-external-camera-lens-3590824/,https://www.androidauthority.com/wp-content/uploads/2025/05/vivo-X200-Ultra-with-external-lens-shooting.jpg,2025-08-25T13:39:24Z,<ul><li>Chinese phone brands are exploring more ways to enhance their camera capabilities.</li><li>One way could be to include detachable external cameras or lenses.</li><li>Xiaomi and Vivo already h… [+3172 chars]
"{'id': None, 'name': 'Android Authority'}",,New survey suggests Google has work to do with Pixel 10's Pro Res Zoom - Android Authority,"The Pixel 10 Pro and Pro XL offer Pro Res Zoom tech out to 100x, but polled readers aren't impressed with early samples just yet.",https://www.androidauthority.com/google-pixel-10-pro-res-zoom-survey-results-3590843/,https://www.androidauthority.com/wp-content/uploads/2025/08/google-pixel-10-pro-zoom-sample-1-80x.jpg,2025-08-25T13:19:32Z,"The Google Pixel 10 Pro phones introduced a Pro Res Zoom feature for improved long-range zoom. Google says this uses a diffusion-based AI model to effectively generate details.
Dont want to miss the… [+1638 chars]"
"{'id': None, 'name': 'Android Central'}",Jay Bonggolto,The Pixel 10 battery is basically programmed to tap out after 200 cycles - Android Central,Google’s Pixel 10 has a locked-in Battery Health Assistance feature that purposely slows charging and caps capacity to manage battery wear.,https://www.androidcentral.com/phones/google-pixel/the-pixel-10s-battery-takes-a-hit-after-200-cycles-courtesy-of-a-feature-you-cant-switch-off,https://cdn.mos.cms.futurecdn.net/96C4FCQjEAaN2nqESzbF57.jpg,2025-08-25T13:12:00Z,"What you need to know
<ul><li>Pixel 10’s Battery Health Assistance is turned on by default, and there’s no way to turn it off.</li><li>It begins lowering voltage after 200 charge cycles and keeps ad… [+2518 chars]"
"{'id': 'ign', 'name': 'IGN'}",Matt Purslow,The Expanse: Osiris Reborn Is Our Best Hope for a New BioWare-Style RPG - IGN,"Owlcat Games' The Expanse: Osiris Reborn is a space-faring RPG with companions, shooting, and difficult choices. Is this our best hope of a new Mass Effect?",https://www.ign.com/articles/the-expanse-osiris-reborn-is-our-best-hope-for-a-new-bioware-style-rpg,https://assets-prd.ignimgs.com/2025/08/24/expanse-1756045941542.jpg?width=1280&format=jpg&auto=webp&quality=80,2025-08-25T13:02:39Z,"When it was first revealed earlier this year, we said that The Expanse: Osiris Rebornlooks a lot like a new Mass Effect. Now, after having watched almost an hour of it in action at gamescom 2025, dev… [+8259 chars]"
"{'id': None, 'name': 'Blizzard.com'}",,Wreathe Yourself in Everlasting Opulence — Diablo Immortal - Blizzard News,"Carve through ranks of the Season 43 Battle Pass, reap bountiful rewards in Winds of Fortune, and more.",https://news.blizzard.com/en-us/article/24225578/wreathe-yourself-in-everlasting-opulence,https://bnetcmsus-a.akamaihd.net/cms/blog_header/x2/X28F0JIDZXNE1755906330259.png,2025-08-25T13:00:00Z,"Gilded ages of splendor bring times of great profit, and even more devastating greed. Since our last content update, youve fought your way to win the Bout of Realms and rolled the dice in Gamblers To… [+5716 chars]"
"{'id': None, 'name': 'Push Square'}",Push Square,"Review: Shinobi: Art of Vengeance (PS5) - A Gorgeous, Triumphant Return for SEGA's Ninja Series - Push Square",Ankou very much,https://www.pushsquare.com/reviews/ps5/shinobi-art-of-vengeance,https://images.pushsquare.com/f32269ec78055/1280x720.jpg,2025-08-25T12:00:00Z,"SEGA's fan favourite Shinobi series is one that casts a long shadow, dating all the way back to the late eighties. Despite several beloved entries in the franchise, it's been sitting dormant since 20… [+5586 chars]"
"{'id': None, 'name': 'SamMobile'}",Abid Iqbal Shaik,"Galaxy Tab S10 Lite officially joins Samsung's mid-range tablet lineup: Specs, features, and more - SamMobile","After tons of leaks and rumours, Samsung’s Galaxy Tab S10 Lite is finally here. It comes as a successor to the Galaxy Tab S6 Lite from last year and is a toned-down version of the Galaxy Tab S10 FE. You can check out the complete specifications of the tablet …",https://www.sammobile.com/news/samsung-galaxy-tab-s10-lite-specs-features/,https://www.sammobile.com/wp-content/uploads/2025/08/Galaxy-Tab-S10-Lite-12-1200x600.jpg,2025-08-25T12:00:00Z,"After tons of leaks and rumours, Samsungs Galaxy Tab S10 Lite is finally here. It comes as a successor to the Galaxy Tab S6 Lite from last year and is a toned-down version of the Galaxy Tab S10 FE. Y… [+1350 chars]"
"{'id': 'ars-technica', 'name': 'Ars Technica'}",Benj Edwards,"With AI chatbots, Big Tech is moving fast and breaking people - Ars Technica",Why AI chatbots validate grandiose fantasies about revolutionary discoveries that don’t exist.,https://arstechnica.com/information-technology/2025/08/with-ai-chatbots-big-tech-is-moving-fast-and-breaking-people/,https://cdn.arstechnica.net/wp-content/uploads/2025/08/infinite_mirrors-1152x648.jpg,2025-08-25T11:00:24Z,
"{'id': None, 'name': 'Timeextension.com'}",,MagicX's 2025-2026 Roadmap Reveals A 3DS-Style Device Is On The Way - Time Extension,,https://www.timeextension.com/news/2025/08/magicxs-2025-2026-roadmap-reveals-a-3ds-style-device-is-on-the-way,,2025-08-25T10:30:00Z,"{""en"":{""access_disabled"":""Internet access has been disabled on this device"",""code"":""Code"",""custom_block_list"":""it is on a custom block list"",""email"":""Email"",""file_ext_blocked"":""the file extension is … [+5830 chars]"
"{'id': None, 'name': 'Fandomwire.com'}",,Helldivers 2 Xbox Release Countdown: All Regional Launch Times - FandomWire,When does Helldivers 2 release on Xbox? Find your exact regional launch time and why early access is off the table this time.,https://fandomwire.com/helldivers-2-xbox-release-countdown-all-regional-launch-times/,https://fwmedia.fandomwire.com/wp-content/uploads/2025/08/25043734/1-1.jpg,2025-08-25T08:38:23Z,"Helldivers 2 is landing on Xbox in just a few hours on August 26. For the first time, Xbox players can join the fight to spread Managed Democracy across the galaxy. 
Whether you’re planning to join … [+2945 chars]"
"{'id': None, 'name': 'Internet'}",The Hacker News,Transparent Tribe Targets Indian Govt With Weaponized Desktop Shortcuts via Phishing - The Hacker News,"Transparent Tribe targets Indian government using weaponized .desktop files since 2022, enabling persistence and credential theft.",https://thehackernews.com/2025/08/transparent-tribe-targets-indian-govt.html,https://blogger.googleusercontent.com/img/b/R29vZ2xl/AVvXsEid4XIqtUx4dvIytbJUeM5krSLJ26aFucK4uEgLFOnOEx08v0hbzkeZ2pQWeRq2upA7ndK78jnIV0Tmv_LpV7JLOJsR2FEl5W5y57mbfqrSn3bUgg-uk1SZtLven_5sstd7jitvS3MhYQroW-5SpPm7yLvGIDsafUW_g6eEXDjHs9ZA7vThyphenhyphen8nDdM6kmxc7/s728-rw-e365/icon.jpg,2025-08-25T08:13:00Z,The advanced persistent threat (APT) actor known as Transparent Tribe has been observed targeting both Windows and BOSS (Bharat Operating System Solutions) Linux systems with malicious Desktop shortc… [+4127 chars]
"{'id': None, 'name': '9to5google.com'}",Abner Li,Google Messages beta rolling out QR code key verification - 9to5Google,Google Messages is rolling out QR code-based key verification to confirm that you’re “communicating with the person you intend to.”,http://9to5google.com/2025/08/25/google-messages-qr-code-key/,https://i0.wp.com/9to5google.com/wp-content/uploads/sites/4/2025/05/Key-Verifier-Google-Messages.jpg?resize=1200%2C628&quality=82&strip=all&ssl=1,2025-08-25T07:05:00Z,"As previewed last year, Google Messages is beginning to roll out QR code-based key verification to confirm that youre communicating with the person you intend to. 
Once available, open a conversatio… [+1492 chars]"
"{'id': None, 'name': 'What Hi-Fi? US'}",Alastair Stevenson,"We wrestled with flagship OLEDs, giant Mini LEDs, new special edition hi-fi speakers and more last week - What Hi-Fi?","Another Monday, another entry into our hi-fi and home cinema news digest",https://www.whathifi.com/av/new-giant-samsung-tvs-a-five-star-hi-fi-system-special-edition-speakers-and-more,https://cdn.mos.cms.futurecdn.net/7zdiT6P6duEhjFNp3pydoD.jpg,2025-08-25T07:00:00Z,"It may be a Bank Holiday in our native UK, but that doesn’t mean our team of audio visual experts are taking a break from our weekly hi-fi and home cinema news digest.
In this week’s Rewind we have … [+5526 chars]"
"{'id': 'ign', 'name': 'IGN'}",,Metal Gear Solid Delta Snake Eater Changes and Differences - IGN,"Despite it&apos;s updated looks, Metal Gear Solid Delta isn&#x2019;t as big of a remake as it seems at first glance. All of the areas are still divided by",https://www.ign.com/wikis/metal-gear-solid-delta-snake-eater/Metal_Gear_Solid_Delta_Snake_Eater_Changes_and_Differences,https://oyster.ignimgs.com/mediawiki/apis.ign.com/metal-gear-solid-delta-snake-eater/e/e2/MGSD_NewStyles.png,2025-08-25T06:38:24Z,"Despite it's updated looks, Metal Gear Solid Delta isnt as big of a remake as it seems at first glance. All of the areas are still divided by loading screens, all the dialogue audio is the same, and … [+8730 chars]"
"{'id': None, 'name': 'Forbes'}",Zak Doffman,Microsoft Issues Free Update Offer—Windows Users Must Now Decide - Forbes,More than 700 million users must act now.,https://www.forbes.com/sites/zakdoffman/2025/08/24/microsoft-issues-free-update-offer-windows-users-must-now-decide/,"https://imageio.forbes.com/specials-images/imageserve/6782728ef0d77ff7f75b62c7/0x0.jpg?format=jpg&crop=1029,579,x540,y175,safe&height=900&width=1600&fit=bounds",2025-08-24T19:41:58Z,"Decision time for 700 million Windows users.
AFP via Getty Images
Microsofts updates this month are something of a nightmare. Multiple fails, an emergency update and warnings on streaming sand savi… [+1983 chars]"
"{'id': None, 'name': 'GSMArena.com'}",Peter,"Deals: the Google Pixel 10 series, Watch 4 and Buds 2a are now on pre-order - GSMArena.com news - GSMArena.com","The phones come with gift cards and will be out next week - except for the foldable, which (along with the watch and buds) is coming in early October.",https://www.gsmarena.com/deals_the_google_pixel_10_series_watch_4_and_buds_2a_are_now_on_preorder-news-69163.php,https://fdn.gsmarena.com/imgroot/news/25/08/deals-22/-952x498w6/gsmarena_us.jpg,2025-08-24T19:41:02Z,"Google opened a new chapter in the Pixel phone story the first models with TSMC-made chipsets are up for pre-order. Three of the new models will start shipping next week, the foldable wont be out unt… [+5101 chars]"
"{'id': None, 'name': '9to5google.com'}",Ben Schoon,The Fitbit app redesign looks like equal parts helpful and information overload - 9to5Google,"Google is about to release a new Fitbit app redesign, and as helpful as it looks, it also feels like information overload.",http://9to5google.com/2025/08/24/fitbit-app-redesign-impressions/,https://i0.wp.com/9to5google.com/wp-content/uploads/sites/4/2025/08/new-fitbit-app-1.jpg?resize=1200%2C628&quality=82&strip=all&ssl=1,2025-08-24T16:00:00Z,"One of the big new announcements coming out of Google’s Pixel 10 launch this week was that the Fitbit app is about to get a massive redesign and, after spending some time playing around with it and g… [+5882 chars]"
"{'id': None, 'name': 'Android Central'}",Michael L Hicks,We found plenty of reasons to preorder the Pixel Watch 4 (and some reasons not to) - Android Central,Breaking down the eight most compelling reasons to upgrade or switch to the Pixel Watch 4 — and four good reasons not to.,https://www.androidcentral.com/wearables/google-pixel-watch/should-you-buy-the-google-pixel-watch-4,https://cdn.mos.cms.futurecdn.net/wxH4yS3hMP7d4Sit5bmAsb.jpg,2025-08-24T14:58:00Z,"The Google Pixel Watch 4 almost felt like an afterthought during the Made By Google Fallon festivities, but it has some impressive standout features. Current Pixel Watch owners have until the October… [+6031 chars]"
"{'id': None, 'name': 'Windows Central'}",Cale Hunt,KB5063878 linked to SSD failures — what Windows 11 users should know - Windows Central,"A troubling glitch in Microsoft's August 2025 Windows 11 update, KB5063878, has reportedly rendered SSDs and HDDs invisible to users, while also risking permanent data loss. As industry insiders investigate, essential recovery tips are quickly becoming critic…",https://www.windowscentral.com/microsoft/windows-11/reports-say-windows-11-update-is-bricking-drives-is-yours-on-the-list,https://cdn.mos.cms.futurecdn.net/R3XGSYJ4GgaoWSW9vj6Qt4.jpg,2025-08-24T13:07:00Z,"Microsoft released Windows 11 version 24H2 security update KB5063878 on August 12, 2025. It notably fixed delays signing into new Windows 11 devices, caused by ""certain preinstalled packages,"" but it… [+6248 chars]"
"{'id': None, 'name': 'Futurism'}",Frank Landymore,"Harvard Startup Says Its Smart Glasses Will Do ""Vibe Thinking"" for You - Futurism","A pair of smart glasses developed by two Harvard dropouts will record everything you do to make you ""super intelligent.""",https://futurism.com/smart-glasses-vibe-thinking,https://wordpress-assets.futurism.com/2025/08/smart-glasses-vibe-thinking.jpg,2025-08-24T13:00:17Z,"We live in an age where the tech industry's core pitch is for you to outsource your brain's cognitive functions, be it to an AI chatbot or an app.
The idea has now reached a new zenith. A startup ca… [+4655 chars]"
"{'id': None, 'name': 'Futurism'}",Frank Landymore,Local Restaurant Exhausted as Google AI Keeps Telling Customers About Daily Specials That Don't Exist - Futurism,A restaurant is begging its customers to please stop using notoriously unreliable Google AI to ask about its menu items.,https://futurism.com/local-restaurant-exhausted-google-ai,https://wordpress-assets.futurism.com/2025/08/local-restaurant-exhausted-google-ai.jpg,2025-08-24T12:15:14Z,"If you're trying to find out what a restaurant has to offer, you might look up its menu, or go to its Facebook page. Hell, you could call and ask.
But that's all démodé. Why not query an AI chatbot,… [+2686 chars]"
